unitid,year,institution_name,city,state,rank,avgsal,argave
110413,2024,California Lutheran University,Thousand Oaks,CA,Assistant,83318.0,83318.17857142857
123554,2024,Saint Mary's College of California,Moraga,CA,Assistant,87914.0,87914.23255813954
134079,2024,Florida Southern College,Lakeland,FL,Assistant,79156.19672131147,79156.29508196721
136950,2024,Rollins College,Winter Park,FL,Assistant,79635.26923076923,79635.03846153847
146481,2024,Lake Forest College,Lake Forest,IL,Assistant,67545.0,67545.26829268293
150163,2024,Butler University,Indianapolis,IN,Assistant,89088.06329113925,89088.11392405063
152390,2024,Saint Mary's College,Notre Dame,IN,Assistant,69534.92857142857,69534.75
163046,2024,Loyola University Maryland,Baltimore,MD,Assistant,74479.95104895104,74479.86013986015
164562,2024,Assumption University,Worcester,MA,Assistant,85275.71739130435,85275.93478260869
165699,2024,Endicott College,Beverly,MA,Assistant,89925.88372093023,89926.13953488372
167996,2024,Stonehill College,Easton,MA,Assistant,81984.0,81984.36170212766
183239,2024,Saint Anselm College,Manchester,NH,Assistant,72748.0,72748.09090909091
184348,2024,Drew University,Madison,NJ,Assistant,73206.30769230769,73206.61538461539
110413,2024,California Lutheran University,Thousand Oaks,CA,Associate,96660.0,96659.94871794872
123554,2024,Saint Mary's College of California,Moraga,CA,Associate,96118.0,96117.5
134079,2024,Florida Southern College,Lakeland,FL,Associate,89514.5294117647,89514.41176470589
136950,2024,Rollins College,Winter Park,FL,Associate,97238.16923076923,97238.2
146481,2024,Lake Forest College,Lake Forest,IL,Associate,81867.0,81866.51351351352
150163,2024,Butler University,Indianapolis,IN,Associate,99490.84,99490.47
152390,2024,Saint Mary's College,Notre Dame,IN,Associate,76692.74468085106,76693.0
163046,2024,Loyola University Maryland,Baltimore,MD,Associate,94756.18279569893,94755.86021505376
164562,2024,Assumption University,Worcester,MA,Associate,89638.79069767441,89638.67441860466
165699,2024,Endicott College,Beverly,MA,Associate,104118.76470588235,104118.5
167996,2024,Stonehill College,Easton,MA,Associate,93922.0,93922.38461538461
183239,2024,Saint Anselm College,Manchester,NH,Associate,88022.0,88022.38775510204
184348,2024,Drew University,Madison,NJ,Associate,79347.46511627907,79347.72093023256
110413,2024,California Lutheran University,Thousand Oaks,CA,Full,115196.0,115195.6
123554,2024,Saint Mary's College of California,Moraga,CA,Full,119816.0,119815.8
134079,2024,Florida Southern College,Lakeland,FL,Full,102637.0,102637.3
136950,2024,Rollins College,Winter Park,FL,Full,120084.6338028169,120084.25352112677
146481,2024,Lake Forest College,Lake Forest,IL,Full,101987.0,101987.42857142857
150163,2024,Butler University,Indianapolis,IN,Full,112855.81308411215,112855.35514018692
152390,2024,Saint Mary's College,Notre Dame,IN,Full,93801.08695652174,93801.30434782608
163046,2024,Loyola University Maryland,Baltimore,MD,Full,135002.21782178216,135002.67326732673
164562,2024,Assumption University,Worcester,MA,Full,102544.0,102544.15151515152
165699,2024,Endicott College,Beverly,MA,Full,123033.44,123033.78
167996,2024,Stonehill College,Easton,MA,Full,113880.0,113880.45283018867
183239,2024,Saint Anselm College,Manchester,NH,Full,99509.0,99509.1551724138
184348,2024,Drew University,Madison,NJ,Full,100427.38596491228,100427.73684210527
191968,2024,Ithaca College,Ithaca,NY,Assistant,73532.67226890757,73532.78991596638
193584,2024,Nazareth University,Rochester,NY,Assistant,68904.0,68904.04347826086
195216,2024,St Lawrence University,Canton,NY,Assistant,73625.0,73625.42857142857
195474,2024,Siena College,Loudonville,NY,Assistant,84750.0,84749.56521739131
203368,2024,John Carroll University,University Heights,OH,Assistant,86575.0,86574.68421052632
209056,2024,Lewis & Clark College,Portland,OR,Assistant,82576.0,82576.35849056604
209825,2024,University of Portland,Portland,OR,Assistant,91782.0,91782.425
212197,2024,Elizabethtown College,Elizabethtown,PA,Assistant,73920.66666666667,73920.83333333333
213251,2024,Juniata College,Huntingdon,PA,Assistant,67366.0,67365.89285714286
213507,2024,Lebanon Valley College,Annville,PA,Assistant,72508.48936170213,72508.8085106383
214157,2024,Moravian University,Bethlehem,PA,Assistant,77438.8,77438.54545454546
214175,2024,Muhlenberg College,Allentown,PA,Assistant,73377.0,73377.05405405405
215770,2024,Saint Joseph's University - Philadelphia,Philadelphia,PA,Assistant,93674.19587628866,93674.206185567
215929,2024,University of Scranton,Scranton,PA,Assistant,90401.0,90400.66666666667
216278,2024,Susquehanna University,Selinsgrove,PA,Assistant,79394.0,79394.22448979592
217536,2024,Salve Regina University,Newport,RI,Assistant,79131.0,79130.78125
218070,2024,Furman University,Greenville,SC,Assistant,73417.0,73416.76363636364
221351,2024,Rhodes College,Memphis,TN,Assistant,68813.04761904762,68813.06349206349
221519,2024,The University of the South,Sewanee,TN,Assistant,69500.0,69500.19672131147
224323,2024,University of Dallas,Irving,TX,Assistant,76036.04347826086,76036.17391304347
236230,2024,Pacific Lutheran University,Tacoma,WA,Assistant,71532.23636363636,71532.05454545455
237066,2024,Whitworth University,Spokane,WA,Assistant,82347.4375,82347.625
239716,2024,Saint Norbert College,De Pere,WI,Assistant,79867.0,79867.21739130435
191968,2024,Ithaca College,Ithaca,NY,Associate,91536.65753424658,91536.82191780822
193584,2024,Nazareth University,Rochester,NY,Associate,76925.8085106383,76925.5744680851
195216,2024,St Lawrence University,Canton,NY,Associate,92722.0,92721.95454545454
195474,2024,Siena College,Loudonville,NY,Associate,95678.0,95677.64705882352
203368,2024,John Carroll University,University Heights,OH,Associate,89765.0,89765.27083333333
209056,2024,Lewis & Clark College,Portland,OR,Associate,98753.0,98752.96428571429
209825,2024,University of Portland,Portland,OR,Associate,92084.0,92083.875
212197,2024,Elizabethtown College,Elizabethtown,PA,Associate,86911.41379310345,86911.20689655172
213251,2024,Juniata College,Huntingdon,PA,Associate,75059.0,75058.66666666667
213507,2024,Lebanon Valley College,Annville,PA,Associate,84749.69767441861,84749.83720930232
214157,2024,Moravian University,Bethlehem,PA,Associate,83381.25454545455,83381.52727272727
214175,2024,Muhlenberg College,Allentown,PA,Associate,86197.0,86196.78260869565
215770,2024,Saint Joseph's University - Philadelphia,Philadelphia,PA,Associate,103625.68932038835,103625.74757281554
215929,2024,University of Scranton,Scranton,PA,Associate,105720.0,105719.9
216278,2024,Susquehanna University,Selinsgrove,PA,Associate,84538.0,84538.18867924529
217536,2024,Salve Regina University,Newport,RI,Associate,92495.71428571429,92495.75
218070,2024,Furman University,Greenville,SC,Associate,92622.0,92622.44615384615
221351,2024,Rhodes College,Memphis,TN,Associate,87712.0,87711.53947368421
221519,2024,The University of the South,Sewanee,TN,Associate,91248.0,91247.66071428571
224323,2024,University of Dallas,Irving,TX,Associate,87363.0,87363.24528301887
236230,2024,Pacific Lutheran University,Tacoma,WA,Associate,84205.75862068965,84205.56896551725
237066,2024,Whitworth University,Spokane,WA,Associate,79560.78260869565,79560.36956521739
239716,2024,Saint Norbert College,De Pere,WI,Associate,76398.0,76398.3
191968,2024,Ithaca College,Ithaca,NY,Full,109456.22641509434,109456.38679245283
193584,2024,Nazareth University,Rochester,NY,Full,90570.73770491804,90571.11475409837
195216,2024,St Lawrence University,Canton,NY,Full,115381.0,115380.72727272728
195474,2024,Siena College,Loudonville,NY,Full,112787.0,112786.70588235294
203368,2024,John Carroll University,University Heights,OH,Full,101184.0,101183.61818181818
209056,2024,Lewis & Clark College,Portland,OR,Full,137189.0,137188.6851851852
209825,2024,University of Portland,Portland,OR,Full,122729.0,122728.64
212197,2024,Elizabethtown College,Elizabethtown,PA,Full,100079.5,100079.52777777778
213251,2024,Juniata College,Huntingdon,PA,Full,95265.0,95265.48936170213
213507,2024,Lebanon Valley College,Annville,PA,Full,89852.11428571428,89852.34285714285
214157,2024,Moravian University,Bethlehem,PA,Full,88991.83870967742,88991.93548387097
214175,2024,Muhlenberg College,Allentown,PA,Full,103563.0,103562.78571428571
215770,2024,Saint Joseph's University - Philadelphia,Philadelphia,PA,Full,127567.04854368932,127567.213592233
215929,2024,University of Scranton,Scranton,PA,Full,126293.0,126293.41935483871
216278,2024,Susquehanna University,Selinsgrove,PA,Full,90093.0,90092.70370370371
217536,2024,Salve Regina University,Newport,RI,Full,106571.0,106570.61538461539
218070,2024,Furman University,Greenville,SC,Full,111142.0,111141.66666666667
221351,2024,Rhodes College,Memphis,TN,Full,106281.0,106280.75555555556
221519,2024,The University of the South,Sewanee,TN,Full,117941.0,117941.16666666667
224323,2024,University of Dallas,Irving,TX,Full,107274.0,107273.58823529411
236230,2024,Pacific Lutheran University,Tacoma,WA,Full,86491.0,86491.4693877551
237066,2024,Whitworth University,Spokane,WA,Full,92618.54901960785,92618.49019607843
239716,2024,Saint Norbert College,De Pere,WI,Full,103147.0,103146.96666666666
110413,2023,California Lutheran University,Thousand Oaks,CA,Assistant,79951.0,79951.33333333333
123554,2023,Saint Mary's College of California,Moraga,CA,Assistant,86508.0,86507.58974358975
134079,2023,Florida Southern College,Lakeland,FL,Assistant,78038.1,78037.78333333334
136950,2023,Rollins College,Winter Park,FL,Assistant,75354.10714285714,75353.96428571429
146481,2023,Lake Forest College,Lake Forest,IL,Assistant,64835.0,64834.666666666664
150163,2023,Butler University,Indianapolis,IN,Assistant,82717.33846153846,82717.27692307692
152390,2023,Saint Mary's College,Notre Dame,IN,Assistant,66054.21818181819,66053.83636363636
163046,2023,Loyola University Maryland,Baltimore,MD,Assistant,70821.64285714286,70821.82142857143
164562,2023,Assumption University,Worcester,MA,Assistant,83647.92452830188,83648.03773584905
165699,2023,Endicott College,Beverly,MA,Assistant,87072.6,87072.6
167996,2023,Stonehill College,Easton,MA,Assistant,77810.0,77809.95454545454
183239,2023,Saint Anselm College,Manchester,NH,Assistant,69081.0,69081.44
184348,2023,Drew University,Madison,NJ,Assistant,74118.80487804877,74118.41463414633
110413,2023,California Lutheran University,Thousand Oaks,CA,Associate,93687.0,93687.44444444444
123554,2023,Saint Mary's College of California,Moraga,CA,Associate,96473.0,96472.52112676056
134079,2023,Florida Southern College,Lakeland,FL,Associate,85956.24561403508,85956.64912280702
136950,2023,Rollins College,Winter Park,FL,Associate,91684.23809523809,91684.6507936508
146481,2023,Lake Forest College,Lake Forest,IL,Associate,83770.0,83770.34285714285
150163,2023,Butler University,Indianapolis,IN,Associate,97143.97916666667,97144.30208333333
152390,2023,Saint Mary's College,Notre Dame,IN,Associate,75803.67346938775,75803.59183673469
163046,2023,Loyola University Maryland,Baltimore,MD,Associate,95896.0,95895.57894736843
164562,2023,Assumption University,Worcester,MA,Associate,86378.51111111112,86378.06666666667
165699,2023,Endicott College,Beverly,MA,Associate,98533.51162790698,98533.83720930232
167996,2023,Stonehill College,Easton,MA,Associate,91860.0,91860.33870967742
183239,2023,Saint Anselm College,Manchester,NH,Associate,85030.0,85029.74
184348,2023,Drew University,Madison,NJ,Associate,81959.82608695653,81959.73913043478
110413,2023,California Lutheran University,Thousand Oaks,CA,Full,112456.0,112455.95588235294
123554,2023,Saint Mary's College of California,Moraga,CA,Full,113014.0,113014.47368421052
134079,2023,Florida Southern College,Lakeland,FL,Full,101443.0,101442.59090909091
136950,2023,Rollins College,Winter Park,FL,Full,111067.47222222222,111067.69444444444
146481,2023,Lake Forest College,Lake Forest,IL,Full,104091.0,104090.77777777778
150163,2023,Butler University,Indianapolis,IN,Full,109293.98230088495,109294.15044247788
152390,2023,Saint Mary's College,Notre Dame,IN,Full,94393.21739130435,94392.95652173914
163046,2023,Loyola University Maryland,Baltimore,MD,Full,133709.5157894737,133709.92631578946
164562,2023,Assumption University,Worcester,MA,Full,101058.0,101057.56666666667
165699,2023,Endicott College,Beverly,MA,Full,114985.43396226416,114985.11320754717
167996,2023,Stonehill College,Easton,MA,Full,113934.0,113933.90566037736
183239,2023,Saint Anselm College,Manchester,NH,Full,98346.0,98346.29310344828
184348,2023,Drew University,Madison,NJ,Full,101676.875,101676.625
191968,2023,Ithaca College,Ithaca,NY,Assistant,70287.0442477876,70287.37168141593
193584,2023,Nazareth University,Rochester,NY,Assistant,66995.28846153847,66994.94230769231
195216,2023,St Lawrence University,Canton,NY,Assistant,70581.0,70581.29411764706
195474,2023,Siena College,Loudonville,NY,Assistant,83398.0,83398.08823529411
203368,2023,John Carroll University,University Heights,OH,Assistant,85508.0,85508.1081081081
209056,2023,Lewis & Clark College,Portland,OR,Assistant,83022.0,83021.65789473684
209825,2023,University of Portland,Portland,OR,Assistant,89251.0,89250.91666666667
212197,2023,Elizabethtown College,Elizabethtown,PA,Assistant,73220.4,73220.0
213251,2023,Juniata College,Huntingdon,PA,Assistant,67294.0,67293.95652173914
213507,2023,Lebanon Valley College,Annville,PA,Assistant,70828.4,70828.38
214157,2023,Moravian University,Bethlehem,PA,Assistant,74598.81818181818,74598.96363636364
214175,2023,Muhlenberg College,Allentown,PA,Assistant,70090.0,70089.58139534884
215770,2023,Saint Joseph's University,Philadelphia,PA,Assistant,93237.9557522124,93237.82300884956
215929,2023,University of Scranton,Scranton,PA,Assistant,85098.0,85097.93548387097
216278,2023,Susquehanna University,Selinsgrove,PA,Assistant,73916.0,73916.09433962264
217536,2023,Salve Regina University,Newport,RI,Assistant,77068.88235294117,77068.38235294117
218070,2023,Furman University,Greenville,SC,Assistant,76343.0,76342.64912280702
221351,2023,Rhodes College,Memphis,TN,Assistant,67252.0,67251.63793103448
221519,2023,The University of the South,Sewanee,TN,Assistant,65047.0,65046.878787878784
224323,2023,University of Dallas,Irving,TX,Assistant,77000.0,77000.25
236230,2023,Pacific Lutheran University,Tacoma,WA,Assistant,76654.4,76654.2
237066,2023,Whitworth University,Spokane,WA,Assistant,77523.89743589744,77524.20512820513
239716,2023,Saint Norbert College,De Pere,WI,Assistant,74831.0,74830.77777777778
191968,2023,Ithaca College,Ithaca,NY,Associate,89159.48684210527,89159.42105263157
193584,2023,Nazareth University,Rochester,NY,Associate,72718.47916666667,72718.125
195216,2023,St Lawrence University,Canton,NY,Associate,92858.0,92857.7027027027
195474,2023,Siena College,Loudonville,NY,Associate,93209.0,93208.95522388059
203368,2023,John Carroll University,University Heights,OH,Associate,87687.0,87686.8
209056,2023,Lewis & Clark College,Portland,OR,Associate,89889.0,89889.19540229885
209825,2023,University of Portland,Portland,OR,Associate,96004.0,96004.19277108433
212197,2023,Elizabethtown College,Elizabethtown,PA,Associate,86255.84848484848,86256.09090909091
213251,2023,Juniata College,Huntingdon,PA,Associate,74091.0,74090.73684210527
213507,2023,Lebanon Valley College,Annville,PA,Associate,82354.85,82354.875
214157,2023,Moravian University,Bethlehem,PA,Associate,82793.17543859649,82792.85964912281
214175,2023,Muhlenberg College,Allentown,PA,Associate,82410.0,82409.55555555556
215770,2023,Saint Joseph's University,Philadelphia,PA,Associate,101204.76470588235,101205.0
215929,2023,University of Scranton,Scranton,PA,Associate,102771.0,102770.76315789473
216278,2023,Susquehanna University,Selinsgrove,PA,Associate,80451.0,80451.48148148147
217536,2023,Salve Regina University,Newport,RI,Associate,92679.23529411765,92679.0
218070,2023,Furman University,Greenville,SC,Associate,93037.0,93036.95714285714
221351,2023,Rhodes College,Memphis,TN,Associate,86234.0,86233.51898734177
221519,2023,The University of the South,Sewanee,TN,Associate,88953.0,88952.59574468085
224323,2023,University of Dallas,Irving,TX,Associate,86299.0,86298.81034482758
236230,2023,Pacific Lutheran University,Tacoma,WA,Associate,80587.84210526316,80587.80701754386
237066,2023,Whitworth University,Spokane,WA,Associate,80403.38775510204,80402.97959183673
239716,2023,Saint Norbert College,De Pere,WI,Associate,75211.0,75211.16326530612
191968,2023,Ithaca College,Ithaca,NY,Full,106393.37254901961,106393.57843137255
193584,2023,Nazareth University,Rochester,NY,Full,89560.94117647059,89560.82352941176
195216,2023,St Lawrence University,Canton,NY,Full,114427.0,114427.26
195474,2023,Siena College,Loudonville,NY,Full,110775.0,110774.73684210527
203368,2023,John Carroll University,University Heights,OH,Full,101390.0,101390.15384615384
209056,2023,Lewis & Clark College,Portland,OR,Full,127844.0,127843.80645161291
209825,2023,University of Portland,Portland,OR,Full,119977.0,119977.2
212197,2023,Elizabethtown College,Elizabethtown,PA,Full,100692.0,100691.7
213251,2023,Juniata College,Huntingdon,PA,Full,91785.0,91784.9387755102
213507,2023,Lebanon Valley College,Annville,PA,Full,89864.5142857143,89864.82857142857
214157,2023,Moravian University,Bethlehem,PA,Full,86811.67741935483,86811.45161290323
214175,2023,Muhlenberg College,Allentown,PA,Full,96588.0,96587.56666666667
215770,2023,Saint Joseph's University,Philadelphia,PA,Full,126482.32520325204,126482.72357723577
215929,2023,University of Scranton,Scranton,PA,Full,123462.0,123461.6551724138
216278,2023,Susquehanna University,Selinsgrove,PA,Full,88058.0,88057.62962962964
217536,2023,Salve Regina University,Newport,RI,Full,105864.0,105863.56
218070,2023,Furman University,Greenville,SC,Full,112152.0,112152.11965811966
221351,2023,Rhodes College,Memphis,TN,Full,104784.55813953489,104784.79069767441
221519,2023,The University of the South,Sewanee,TN,Full,114096.0,114096.44444444444
224323,2023,University of Dallas,Irving,TX,Full,103359.0,103359.125
236230,2023,Pacific Lutheran University,Tacoma,WA,Full,90073.0,90072.67391304347
237066,2023,Whitworth University,Spokane,WA,Full,90167.28,90167.6
239716,2023,Saint Norbert College,De Pere,WI,Full,106656.0,106655.62068965517
110413,2022,California Lutheran University,Thousand Oaks,CA,Assistant,81429.09090909091,81429.39393939394
123554,2022,Saint Mary's College of California,Moraga,CA,Assistant,79863.0,79862.6
134079,2022,Florida Southern College,Lakeland,FL,Assistant,80710.52542372882,80710.40677966102
136950,2022,Rollins College,Winter Park,FL,Assistant,78257.23076923077,78257.69230769231
146481,2022,Lake Forest College,Lake Forest,IL,Assistant,67007.0,67006.66666666667
150163,2022,Butler University,Indianapolis,IN,Assistant,85318.7536231884,85318.76811594203
152390,2022,Saint Mary's College,Notre Dame,IN,Assistant,61477.96,61477.78
163046,2022,Loyola University Maryland,Baltimore,MD,Assistant,67114.43076923076,67114.33846153846
164562,2022,Assumption University,Worcester,MA,Assistant,75525.89795918367,75525.87755102041
165699,2022,Endicott College,Beverly,MA,Assistant,78590.93333333333,78590.73333333334
167996,2022,Stonehill College,Easton,MA,Assistant,76838.0,76838.14634146342
183239,2022,Saint Anselm College,Manchester,NH,Assistant,66358.0,66357.73333333334
184348,2022,Drew University,Madison,NJ,Assistant,56507.05882352941,56506.64705882353
110413,2022,California Lutheran University,Thousand Oaks,CA,Associate,97540.63414634146,97540.21951219512
123554,2022,Saint Mary's College of California,Moraga,CA,Associate,90758.0,90758.20408163265
134079,2022,Florida Southern College,Lakeland,FL,Associate,83460.68965517242,83461.0
136950,2022,Rollins College,Winter Park,FL,Associate,87996.3606557377,87996.29508196721
146481,2022,Lake Forest College,Lake Forest,IL,Associate,82800.0,82800.4375
150163,2022,Butler University,Indianapolis,IN,Associate,96013.68316831683,96013.84158415842
152390,2022,Saint Mary's College,Notre Dame,IN,Associate,72828.0,72828.04545454546
163046,2022,Loyola University Maryland,Baltimore,MD,Associate,96320.0,96319.77777777778
164562,2022,Assumption University,Worcester,MA,Associate,83205.40816326531,83205.55102040817
165699,2022,Endicott College,Beverly,MA,Associate,97721.36842105263,97721.13157894737
167996,2022,Stonehill College,Easton,MA,Associate,87175.0,87175.25806451614
183239,2022,Saint Anselm College,Manchester,NH,Associate,85315.0,85315.44897959183
184348,2022,Drew University,Madison,NJ,Associate,76863.77272727272,76863.31818181818
110413,2022,California Lutheran University,Thousand Oaks,CA,Full,111209.98550724638,111210.30434782608
123554,2022,Saint Mary's College of California,Moraga,CA,Full,119234.0,119234.375
134079,2022,Florida Southern College,Lakeland,FL,Full,104053.23809523809,104053.19047619047
136950,2022,Rollins College,Winter Park,FL,Full,107733.72972972973,107733.35135135135
146481,2022,Lake Forest College,Lake Forest,IL,Full,103176.0,103176.0
150163,2022,Butler University,Indianapolis,IN,Full,107331.43636363637,107331.68181818182
152390,2022,Saint Mary's College,Notre Dame,IN,Full,87793.0,87793.1052631579
163046,2022,Loyola University Maryland,Baltimore,MD,Full,135631.0,135630.83333333334
164562,2022,Assumption University,Worcester,MA,Full,96854.0,96853.89655172414
165699,2022,Endicott College,Beverly,MA,Full,119786.25,119785.83333333333
167996,2022,Stonehill College,Easton,MA,Full,112096.0,112096.15384615384
183239,2022,Saint Anselm College,Manchester,NH,Full,96293.0,96293.37037037036
184348,2022,Drew University,Madison,NJ,Full,106575.0,106575.49056603774
191968,2022,Ithaca College,Ithaca,NY,Assistant,71036.03816793892,71036.16030534351
193584,2022,Nazareth College,Rochester,NY,Assistant,65195.01515151515,65195.21212121212
195216,2022,St Lawrence University,Canton,NY,Assistant,68586.0,68586.19298245614
195474,2022,Siena College,Loudonville,NY,Assistant,81337.0,81336.5671641791
203368,2022,John Carroll University,University Heights,OH,Assistant,78338.0,78338.15151515152
209056,2022,Lewis & Clark College,Portland,OR,Assistant,78881.0,78880.8918918919
209825,2022,University of Portland,Portland,OR,Assistant,86171.0,86170.57627118644
212197,2022,Elizabethtown College,Elizabethtown,PA,Assistant,75977.27272727272,75977.36363636363
213251,2022,Juniata College,Huntingdon,PA,Assistant,64104.0,64104.181818181816
213507,2022,Lebanon Valley College,Annville,PA,Assistant,69839.76470588235,69839.41176470589
214157,2022,Moravian University,Bethlehem,PA,Assistant,74477.31034482758,74477.05172413793
214175,2022,Muhlenberg College,Allentown,PA,Assistant,71431.0,71431.14583333333
215770,2022,Saint Joseph's University,Philadelphia,PA,Assistant,87730.1686746988,87730.2048192771
215929,2022,University of Scranton,Scranton,PA,Assistant,80810.0,80809.55384615385
216278,2022,Susquehanna University,Selinsgrove,PA,Assistant,73573.0,73573.10169491525
217536,2022,Salve Regina University,Newport,RI,Assistant,75709.25714285714,75709.5142857143
218070,2022,Furman University,Greenville,SC,Assistant,75214.0,75214.28333333334
221351,2022,Rhodes College,Memphis,TN,Assistant,65215.0,65215.08474576271
221519,2022,The University of the South,Sewanee,TN,Assistant,62710.0,62710.32786885246
224323,2022,University of Dallas,Irving,TX,Assistant,75406.5,75406.04166666667
236230,2022,Pacific Lutheran University,Tacoma,WA,Assistant,77225.0,77224.56363636363
237066,2022,Whitworth University,Spokane,WA,Assistant,79348.91111111111,79349.15555555555
239716,2022,Saint Norbert College,De Pere,WI,Assistant,69890.0,69889.67307692308
191968,2022,Ithaca College,Ithaca,NY,Associate,85493.8843537415,85493.94557823129
193584,2022,Nazareth College,Rochester,NY,Associate,77991.56521739131,77991.13043478261
195216,2022,St Lawrence University,Canton,NY,Associate,92070.0,92070.15189873418
195474,2022,Siena College,Loudonville,NY,Associate,89742.0,89742.42857142857
203368,2022,John Carroll University,University Heights,OH,Associate,85634.0,85634.08333333333
209056,2022,Lewis & Clark College,Portland,OR,Associate,86565.0,86564.91463414633
209825,2022,University of Portland,Portland,OR,Associate,96111.0,96110.5487804878
212197,2022,Elizabethtown College,Elizabethtown,PA,Associate,83827.59375,83827.21875
213251,2022,Juniata College,Huntingdon,PA,Associate,71760.0,71760.31578947368
213507,2022,Lebanon Valley College,Annville,PA,Associate,83606.78571428571,83606.57142857143
214157,2022,Moravian University,Bethlehem,PA,Associate,80552.03921568628,80551.62745098039
214175,2022,Muhlenberg College,Allentown,PA,Associate,84370.0,84370.15909090909
215770,2022,Saint Joseph's University,Philadelphia,PA,Associate,99831.6015625,99831.515625
215929,2022,University of Scranton,Scranton,PA,Associate,100555.0,100555.37681159421
216278,2022,Susquehanna University,Selinsgrove,PA,Associate,77319.0,77319.12962962964
217536,2022,Salve Regina University,Newport,RI,Associate,88807.0,88806.5294117647
218070,2022,Furman University,Greenville,SC,Associate,87127.0,87126.81538461539
221351,2022,Rhodes College,Memphis,TN,Associate,84709.46052631579,84709.93421052632
221519,2022,The University of the South,Sewanee,TN,Associate,86499.0,86498.77777777778
224323,2022,University of Dallas,Irving,TX,Associate,87241.0,87241.01639344262
236230,2022,Pacific Lutheran University,Tacoma,WA,Associate,73728.0,73728.24590163934
237066,2022,Whitworth University,Spokane,WA,Associate,75869.69811320755,75869.83018867925
239716,2022,Saint Norbert College,De Pere,WI,Associate,73550.0,73549.98076923077
191968,2022,Ithaca College,Ithaca,NY,Full,102865.32692307692,102865.29807692308
193584,2022,Nazareth College,Rochester,NY,Full,86744.0,86744.0
195216,2022,St Lawrence University,Canton,NY,Full,115138.0,115137.95555555556
195474,2022,Siena College,Loudonville,NY,Full,109138.0,109138.42857142857
203368,2022,John Carroll University,University Heights,OH,Full,98056.0,98056.3488372093
209056,2022,Lewis & Clark College,Portland,OR,Full,120036.0,120036.40298507463
209825,2022,University of Portland,Portland,OR,Full,116233.0,116233.04166666667
212197,2022,Elizabethtown College,Elizabethtown,PA,Full,98753.0,98752.70967741935
213251,2022,Juniata College,Huntingdon,PA,Full,89881.0,89881.41304347826
213507,2022,Lebanon Valley College,Annville,PA,Full,87456.05714285714,87456.45714285714
214157,2022,Moravian University,Bethlehem,PA,Full,87470.0,87469.73333333334
214175,2022,Muhlenberg College,Allentown,PA,Full,99269.0,99268.55932203389
215770,2022,Saint Joseph's University,Philadelphia,PA,Full,127121.23529411765,127121.19327731093
215929,2022,University of Scranton,Scranton,PA,Full,118409.0,118409.10989010989
216278,2022,Susquehanna University,Selinsgrove,PA,Full,89273.0,89273.36
217536,2022,Salve Regina University,Newport,RI,Full,103304.0,103303.88461538461
218070,2022,Furman University,Greenville,SC,Full,108041.0,108041.41525423729
221351,2022,Rhodes College,Memphis,TN,Full,103658.33333333333,103658.07142857143
221519,2022,The University of the South,Sewanee,TN,Full,108992.0,108992.46666666666
224323,2022,University of Dallas,Irving,TX,Full,103215.0,103215.44444444444
236230,2022,Pacific Lutheran University,Tacoma,WA,Full,87059.0,87059.0487804878
237066,2022,Whitworth University,Spokane,WA,Full,85748.28,85748.38
239716,2022,Saint Norbert College,De Pere,WI,Full,104981.0,104980.86666666667
110413,2021,California Lutheran University,Thousand Oaks,CA,Assistant,79542.48780487805,79542.75609756098
123554,2021,Saint Mary's College of California,Moraga,CA,Assistant,77548.0,77548.46511627907
134079,2021,Florida Southern College,Lakeland,FL,Assistant,77062.66666666667,77062.46666666666
136950,2021,Rollins College,Winter Park,FL,Assistant,70905.40677966102,70904.98305084746
146481,2021,Lake Forest College,Lake Forest,IL,Assistant,61259.0,61258.854166666664
150163,2021,Butler University,Indianapolis,IN,Assistant,82782.95081967213,82782.81967213115
152390,2021,Saint Mary's College,Notre Dame,IN,Assistant,60007.0,60007.348837209305
163046,2021,Loyola University Maryland,Baltimore,MD,Assistant,71596.26086956522,71596.39130434782
164562,2021,Assumption University,Worcester,MA,Assistant,69490.27027027027,69490.1081081081
165699,2021,Endicott College,Beverly,MA,Assistant,83637.675,83637.6
167996,2021,Stonehill College,Easton,MA,Assistant,74124.0,74124.45762711864
183239,2021,Saint Anselm College,Manchester,NH,Assistant,66320.0,66319.72972972973
184348,2021,Drew University,Madison,NJ,Assistant,73253.0,73253.22222222222
110413,2021,California Lutheran University,Thousand Oaks,CA,Associate,93075.83720930232,93076.02325581395
123554,2021,Saint Mary's College of California,Moraga,CA,Associate,88178.0,88178.18518518518
134079,2021,Florida Southern College,Lakeland,FL,Associate,82514.84745762713,82514.59322033898
136950,2021,Rollins College,Winter Park,FL,Associate,89560.96721311475,89560.60655737705
146481,2021,Lake Forest College,Lake Forest,IL,Associate,79063.0,79062.90322580645
150163,2021,Butler University,Indianapolis,IN,Associate,93629.82524271845,93630.09708737864
152390,2021,Saint Mary's College,Notre Dame,IN,Associate,72021.2,72020.92
163046,2021,Loyola University Maryland,Baltimore,MD,Associate,94520.0,94520.42056074766
164562,2021,Assumption University,Worcester,MA,Associate,80584.63414634146,80584.36585365854
165699,2021,Endicott College,Beverly,MA,Associate,99289.96,99290.0
167996,2021,Stonehill College,Easton,MA,Associate,87189.0,87188.91071428571
183239,2021,Saint Anselm College,Manchester,NH,Associate,81336.0,81336.0
184348,2021,Drew University,Madison,NJ,Associate,77968.0,77967.92307692308
110413,2021,California Lutheran University,Thousand Oaks,CA,Full,113654.39682539682,113654.20634920635
123554,2021,Saint Mary's College of California,Moraga,CA,Full,115790.0,115790.13414634146
134079,2021,Florida Southern College,Lakeland,FL,Full,97230.7,97230.3
136950,2021,Rollins College,Winter Park,FL,Full,106518.53424657535,106518.79452054795
146481,2021,Lake Forest College,Lake Forest,IL,Full,104328.0,104328.29166666667
150163,2021,Butler University,Indianapolis,IN,Full,104236.71794871795,104236.28205128205
152390,2021,Saint Mary's College,Notre Dame,IN,Full,86544.0,86543.6
163046,2021,Loyola University Maryland,Baltimore,MD,Full,127313.0,127312.64
164562,2021,Assumption University,Worcester,MA,Full,92736.0,92736.07692307692
165699,2021,Endicott College,Beverly,MA,Full,116333.0,116332.53191489361
167996,2021,Stonehill College,Easton,MA,Full,110150.0,110150.3125
183239,2021,Saint Anselm College,Manchester,NH,Full,95838.0,95838.41666666667
184348,2021,Drew University,Madison,NJ,Full,92554.0,92553.703125
191968,2021,Ithaca College,Ithaca,NY,Assistant,69556.5,69556.65
193584,2021,Nazareth College,Rochester,NY,Assistant,65193.6129032258,65193.37096774193
195216,2021,St Lawrence University,Canton,NY,Assistant,69488.0,69487.77551020408
195474,2021,Siena College,Loudonville,NY,Assistant,79282.0,79281.52777777778
203368,2021,John Carroll University,University Heights,OH,Assistant,72594.0,72594.26470588235
209056,2021,Lewis & Clark College,Portland,OR,Assistant,75259.0,75259.31707317074
209825,2021,University of Portland,Portland,OR,Assistant,80375.0,80375.0
212197,2021,Elizabethtown College,Elizabethtown,PA,Assistant,73695.46153846153,73695.84615384616
213251,2021,Juniata College,Huntingdon,PA,Assistant,49555.0,49554.52173913043
213507,2021,Lebanon Valley College,Annville,PA,Assistant,68669.04081632652,68669.14285714286
214157,2021,Moravian University,Bethlehem,PA,Assistant,72871.91379310345,72871.58620689655
214175,2021,Muhlenberg College,Allentown,PA,Assistant,70646.0,70645.81666666667
215770,2021,Saint Joseph's University,Philadelphia,PA,Assistant,85878.0,85878.43859649122
215929,2021,University of Scranton,Scranton,PA,Assistant,75915.0,75914.77272727272
216278,2021,Susquehanna University,Selinsgrove,PA,Assistant,69912.0,69912.01785714286
217536,2021,Salve Regina University,Newport,RI,Assistant,71822.2972972973,71821.97297297297
218070,2021,Furman University,Greenville,SC,Assistant,71415.0,71414.76119402985
221351,2021,Rhodes College,Memphis,TN,Assistant,64067.23188405797,64066.89855072464
221519,2021,The University of the South,Sewanee,TN,Assistant,59415.0,59415.15873015873
224323,2021,University of Dallas,Irving,TX,Assistant,70071.56521739131,70071.34782608696
236230,2021,Pacific Lutheran University,Tacoma,WA,Assistant,70442.0,70442.44642857143
237066,2021,Whitworth University,Spokane,WA,Assistant,76989.43478260869,76989.17391304347
239716,2021,Saint Norbert College,De Pere,WI,Assistant,69131.0,69130.50847457627
191968,2021,Ithaca College,Ithaca,NY,Associate,84477.90604026846,84477.71812080537
193584,2021,Nazareth College,Rochester,NY,Associate,77096.31914893616,77096.17021276595
195216,2021,St Lawrence University,Canton,NY,Associate,92747.0,92747.34615384616
195474,2021,Siena College,Loudonville,NY,Associate,88501.0,88501.38888888889
203368,2021,John Carroll University,University Heights,OH,Associate,80622.0,80621.5671641791
209056,2021,Lewis & Clark College,Portland,OR,Associate,83324.0,83323.725
209825,2021,University of Portland,Portland,OR,Associate,91471.0,91471.08139534884
212197,2021,Elizabethtown College,Elizabethtown,PA,Associate,84273.8,84273.675
213251,2021,Juniata College,Huntingdon,PA,Associate,71247.0,71247.42105263157
213507,2021,Lebanon Valley College,Annville,PA,Associate,78289.66666666667,78289.95238095238
214157,2021,Moravian University,Bethlehem,PA,Associate,81727.58823529411,81727.58823529411
214175,2021,Muhlenberg College,Allentown,PA,Associate,80907.0,80906.80487804877
215770,2021,Saint Joseph's University,Philadelphia,PA,Associate,94312.0,94311.91025641025
215929,2021,University of Scranton,Scranton,PA,Associate,98794.0,98794.02777777778
216278,2021,Susquehanna University,Selinsgrove,PA,Associate,77006.0,77006.22222222222
217536,2021,Salve Regina University,Newport,RI,Associate,86254.12121212122,86254.54545454546
218070,2021,Furman University,Greenville,SC,Associate,84754.0,84754.07936507936
221351,2021,Rhodes College,Memphis,TN,Associate,82857.81578947368,82857.72368421052
221519,2021,The University of the South,Sewanee,TN,Associate,84247.0,84246.75
224323,2021,University of Dallas,Irving,TX,Associate,80808.0,80808.20895522388
236230,2021,Pacific Lutheran University,Tacoma,WA,Associate,66588.20289855072,66588.68115942029
237066,2021,Whitworth University,Spokane,WA,Associate,75591.47169811321,75591.16981132075
239716,2021,Saint Norbert College,De Pere,WI,Associate,75680.0,75680.24390243902
191968,2021,Ithaca College,Ithaca,NY,Full,100023.48,100023.89
193584,2021,Nazareth College,Rochester,NY,Full,90485.24193548386,90484.7741935484
195216,2021,St Lawrence University,Canton,NY,Full,114962.0,114961.79545454546
195474,2021,Siena College,Loudonville,NY,Full,105782.0,105782.15384615384
203368,2021,John Carroll University,University Heights,OH,Full,96438.0,96437.75471698113
209056,2021,Lewis & Clark College,Portland,OR,Full,122955.0,122954.79032258065
209825,2021,University of Portland,Portland,OR,Full,110832.0,110832.06818181818
212197,2021,Elizabethtown College,Elizabethtown,PA,Full,97793.63636363637,97793.84848484848
213251,2021,Juniata College,Huntingdon,PA,Full,87279.0,87279.38
213507,2021,Lebanon Valley College,Annville,PA,Full,84004.26666666666,84004.16666666667
214157,2021,Moravian University,Bethlehem,PA,Full,87012.8,87012.4
214175,2021,Muhlenberg College,Allentown,PA,Full,98102.0,98101.67924528301
215770,2021,Saint Joseph's University,Philadelphia,PA,Full,121968.0,121967.83333333333
215929,2021,University of Scranton,Scranton,PA,Full,113870.0,113870.0
216278,2021,Susquehanna University,Selinsgrove,PA,Full,88354.0,88353.56
217536,2021,Salve Regina University,Newport,RI,Full,101103.0,101102.77777777778
218070,2021,Furman University,Greenville,SC,Full,105497.0,105496.53571428571
221351,2021,Rhodes College,Memphis,TN,Full,107061.0,107060.83783783784
221519,2021,The University of the South,Sewanee,TN,Full,110199.0,110199.06451612903
224323,2021,University of Dallas,Irving,TX,Full,92876.0,92876.4
236230,2021,Pacific Lutheran University,Tacoma,WA,Full,84422.24489795919,84421.8163265306
237066,2021,Whitworth University,Spokane,WA,Full,87550.17777777778,87550.48888888888
239716,2021,Saint Norbert College,De Pere,WI,Full,100096.0,100095.69230769231
110413,2020,California Lutheran University,Thousand Oaks,CA,Assistant,78257.0,78256.825
123554,2020,Saint Mary's College of California,Moraga,CA,Assistant,77245.0,77245.2075471698
134079,2020,Florida Southern College,Lakeland,FL,Assistant,74465.14285714286,74464.8253968254
136950,2020,Rollins College,Winter Park,FL,Assistant,72843.12,72843.48
146481,2020,Lake Forest College,Lake Forest,IL,Assistant,68069.0,68068.97435897436
150163,2020,Butler University,Indianapolis,IN,Assistant,82829.43478260869,82829.36231884058
152390,2020,Saint Mary's College,Notre Dame,IN,Assistant,61688.0,61687.90566037736
163046,2020,Loyola University Maryland,Baltimore,MD,Assistant,78610.125,78610.1875
164562,2020,Assumption University,Worcester,MA,Assistant,69545.92307692308,69545.61538461539
165699,2020,Endicott College,Beverly,MA,Assistant,82637.08333333333,82637.25
167996,2020,Stonehill College,Easton,MA,Assistant,71734.0,71734.28301886792
110413,2020,California Lutheran University,Thousand Oaks,CA,Associate,91658.52,91658.12
123554,2020,Saint Mary's College of California,Moraga,CA,Associate,94107.0,94106.7469879518
134079,2020,Florida Southern College,Lakeland,FL,Associate,77451.90909090909,77451.70909090909
136950,2020,Rollins College,Winter Park,FL,Associate,86666.15254237287,86665.98305084746
146481,2020,Lake Forest College,Lake Forest,IL,Associate,77262.0,77262.03846153847
150163,2020,Butler University,Indianapolis,IN,Associate,94240.5,94240.51851851853
152390,2020,Saint Mary's College,Notre Dame,IN,Associate,72947.0,72946.60975609756
163046,2020,Loyola University Maryland,Baltimore,MD,Associate,93547.0,93547.14912280702
164562,2020,Assumption University,Worcester,MA,Associate,80337.77272727272,80337.97727272728
165699,2020,Endicott College,Beverly,MA,Associate,95174.7741935484,95174.54838709677
167996,2020,Stonehill College,Easton,MA,Associate,85588.0,85588.37704918033
110413,2020,California Lutheran University,Thousand Oaks,CA,Full,114508.09836065574,114508.4262295082
123554,2020,Saint Mary's College of California,Moraga,CA,Full,118692.0,118692.13432835821
134079,2020,Florida Southern College,Lakeland,FL,Full,97612.42105263157,97612.26315789473
136950,2020,Rollins College,Winter Park,FL,Full,102690.1506849315,102690.02739726027
146481,2020,Lake Forest College,Lake Forest,IL,Full,100347.0,100346.62962962964
150163,2020,Butler University,Indianapolis,IN,Full,106199.37931034483,106199.5775862069
152390,2020,Saint Mary's College,Notre Dame,IN,Full,85796.57142857143,85796.78571428571
163046,2020,Loyola University Maryland,Baltimore,MD,Full,127553.0,127552.79365079365
164562,2020,Assumption University,Worcester,MA,Full,94251.33333333333,94250.88888888889
165699,2020,Endicott College,Beverly,MA,Full,112525.0,112525.33333333333
167996,2020,Stonehill College,Easton,MA,Full,107289.0,107289.34
183239,2020,Saint Anselm College,Manchester,NH,Assistant,67398.0,67397.9
184348,2020,Drew University,Madison,NJ,Assistant,69142.0,69142.26470588235
191968,2020,Ithaca College,Ithaca,NY,Assistant,70231.67741935483,70232.10752688172
193584,2020,Nazareth College,Rochester,NY,Assistant,63357.75,63357.35294117647
195216,2020,St Lawrence University,Canton,NY,Assistant,71217.0,71216.75
195474,2020,Siena College,Loudonville,NY,Assistant,79044.0,79043.68421052632
203368,2020,John Carroll University,University Heights,OH,Assistant,71476.0,71475.58139534884
209056,2020,Lewis & Clark College,Portland,OR,Assistant,71781.0,71781.04081632652
209825,2020,University of Portland,Portland,OR,Assistant,75082.0,75081.7741935484
212197,2020,Elizabethtown College,Elizabethtown,PA,Assistant,71651.0,71650.6
213251,2020,Juniata College,Huntingdon,PA,Assistant,63130.0,63129.5
213507,2020,Lebanon Valley College,Annville,PA,Assistant,63430.458333333336,63430.770833333336
214157,2020,Moravian College,Bethlehem,PA,Assistant,71168.4918032787,71168.73770491804
214175,2020,Muhlenberg College,Allentown,PA,Assistant,71420.0,71420.10714285714
215770,2020,Saint Joseph's University,Philadelphia,PA,Assistant,82585.0,82585.2741935484
215929,2020,University of Scranton,Scranton,PA,Assistant,76090.0,76089.86956521739
216278,2020,Susquehanna University,Selinsgrove,PA,Assistant,68802.0,68801.88
217536,2020,Salve Regina University,Newport,RI,Assistant,68560.38888888889,68560.58333333333
218070,2020,Furman University,Greenville,SC,Assistant,77988.0,77988.41525423729
221351,2020,Rhodes College,Memphis,TN,Assistant,66665.04347826086,66665.49275362318
221519,2020,The University of the South,Sewanee,TN,Assistant,60692.0,60692.183333333334
224323,2020,University of Dallas,Irving,TX,Assistant,66920.96774193548,66920.48387096774
236230,2020,Pacific Lutheran University,Tacoma,WA,Assistant,73352.0,73351.96721311475
237066,2020,Whitworth University,Spokane,WA,Assistant,63709.6,63709.55
239716,2020,Saint Norbert College,De Pere,WI,Assistant,67276.0,67276.4
183239,2020,Saint Anselm College,Manchester,NH,Associate,80912.0,80912.48936170213
184348,2020,Drew University,Madison,NJ,Associate,77755.0,77755.08888888889
191968,2020,Ithaca College,Ithaca,NY,Associate,85761.0,85760.75581395348
193584,2020,Nazareth College,Rochester,NY,Associate,73827.64444444445,73827.26666666666
195216,2020,St Lawrence University,Canton,NY,Associate,93416.0,93415.61333333333
195474,2020,Siena College,Loudonville,NY,Associate,88398.0,88397.8947368421
203368,2020,John Carroll University,University Heights,OH,Associate,74085.0,74085.40579710146
209056,2020,Lewis & Clark College,Portland,OR,Associate,81676.0,81676.0487804878
209825,2020,University of Portland,Portland,OR,Associate,83913.0,83913.42857142857
212197,2020,Elizabethtown College,Elizabethtown,PA,Associate,80601.82926829268,80601.39024390244
213251,2020,Juniata College,Huntingdon,PA,Associate,71679.0,71678.69565217392
213507,2020,Lebanon Valley College,Annville,PA,Associate,77239.95555555556,77239.91111111111
214157,2020,Moravian College,Bethlehem,PA,Associate,78809.03846153847,78809.11538461539
214175,2020,Muhlenberg College,Allentown,PA,Associate,81264.0,81264.15384615384
215770,2020,Saint Joseph's University,Philadelphia,PA,Associate,89029.0,89029.45679012345
215929,2020,University of Scranton,Scranton,PA,Associate,98792.0,98792.46753246753
216278,2020,Susquehanna University,Selinsgrove,PA,Associate,73849.0,73848.84210526316
217536,2020,Salve Regina University,Newport,RI,Associate,84399.27272727272,84399.60606060606
218070,2020,Furman University,Greenville,SC,Associate,81216.0,81216.31034482758
221351,2020,Rhodes College,Memphis,TN,Associate,78340.23188405797,78340.30434782608
221519,2020,The University of the South,Sewanee,TN,Associate,84357.0,84357.02040816327
224323,2020,University of Dallas,Irving,TX,Associate,79185.0,79185.47619047618
236230,2020,Pacific Lutheran University,Tacoma,WA,Associate,66772.32467532468,66772.11688311688
237066,2020,Whitworth University,Spokane,WA,Associate,73929.91489361702,73930.1914893617
239716,2020,Saint Norbert College,De Pere,WI,Associate,75127.0,75126.72093023256
183239,2020,Saint Anselm College,Manchester,NH,Full,96519.0,96519.02083333333
184348,2020,Drew University,Madison,NJ,Full,99381.0,99380.94
191968,2020,Ithaca College,Ithaca,NY,Full,104651.62903225806,104651.53225806452
193584,2020,Nazareth College,Rochester,NY,Full,86640.0,86640.11764705883
195216,2020,St Lawrence University,Canton,NY,Full,117945.0,117945.13636363637
195474,2020,Siena College,Loudonville,NY,Full,106296.0,106295.80645161291
203368,2020,John Carroll University,University Heights,OH,Full,83179.0,83179.30508474576
209056,2020,Lewis & Clark College,Portland,OR,Full,124419.0,124419.4918032787
209825,2020,University of Portland,Portland,OR,Full,99679.0,99679.33333333333
212197,2020,Elizabethtown College,Elizabethtown,PA,Full,97239.83333333333,97239.75
213251,2020,Juniata College,Huntingdon,PA,Full,86048.0,86047.75925925926
213507,2020,Lebanon Valley College,Annville,PA,Full,81572.0,81572.06666666667
214157,2020,Moravian College,Bethlehem,PA,Full,84372.57142857143,84372.6
214175,2020,Muhlenberg College,Allentown,PA,Full,101607.0,101607.24193548386
215770,2020,Saint Joseph's University,Philadelphia,PA,Full,116095.0,116095.1948051948
215929,2020,University of Scranton,Scranton,PA,Full,115401.0,115400.60215053764
216278,2020,Susquehanna University,Selinsgrove,PA,Full,83657.0,83656.88461538461
217536,2020,Salve Regina University,Newport,RI,Full,99875.0,99874.57692307692
218070,2020,Furman University,Greenville,SC,Full,106097.0,106096.66666666667
221351,2020,Rhodes College,Memphis,TN,Full,103320.0,103320.15
221519,2020,The University of the South,Sewanee,TN,Full,113483.0,113482.98245614035
224323,2020,University of Dallas,Irving,TX,Full,98211.0,98211.0
236230,2020,Pacific Lutheran University,Tacoma,WA,Full,83435.76,83435.48
237066,2020,Whitworth University,Spokane,WA,Full,85831.16666666667,85830.8125
239716,2020,Saint Norbert College,De Pere,WI,Full,101421.0,101421.11111111111
110413,2019,California Lutheran University,Thousand Oaks,CA,Assistant,80984.79591836735,80985.04081632652
123554,2019,Saint Mary's College of California,Moraga,CA,Assistant,78440.0,78439.85454545454
134079,2019,Florida Southern College,Lakeland,FL,Assistant,74668.13888888889,74667.81944444444
136950,2019,Rollins College,Winter Park,FL,Assistant,70793.45161290323,70793.16129032258
146481,2019,Lake Forest College,Lake Forest,IL,Assistant,68003.0,68002.67647058824
150163,2019,Butler University,Indianapolis,IN,Assistant,81591.77215189874,81592.01265822785
152390,2019,Saint Mary's College,Notre Dame,IN,Assistant,60322.0,60321.980769230766
163046,2019,Loyola University Maryland,Baltimore,MD,Assistant,82623.16279069768,82622.88372093023
164562,2019,Assumption College,Worcester,MA,Assistant,68613.79069767441,68613.3488372093
165699,2019,Endicott College,Beverly,MA,Assistant,82408.08108108108,82408.27027027027
110413,2019,California Lutheran University,Thousand Oaks,CA,Associate,93290.30769230769,93290.11538461539
123554,2019,Saint Mary's College of California,Moraga,CA,Associate,88223.0,88222.53488372093
134079,2019,Florida Southern College,Lakeland,FL,Associate,80065.04,80065.1
136950,2019,Rollins College,Winter Park,FL,Associate,85520.44230769231,85520.03846153847
146481,2019,Lake Forest College,Lake Forest,IL,Associate,77820.0,77819.66666666667
150163,2019,Butler University,Indianapolis,IN,Associate,90124.725,90124.675
152390,2019,Saint Mary's College,Notre Dame,IN,Associate,70893.0,70892.79545454546
163046,2019,Loyola University Maryland,Baltimore,MD,Associate,96456.0,96455.81300813008
164562,2019,Assumption College,Worcester,MA,Associate,79838.69387755102,79839.10204081633
165699,2019,Endicott College,Beverly,MA,Associate,92306.74285714286,92306.8
110413,2019,California Lutheran University,Thousand Oaks,CA,Full,118760.8253968254,118760.73015873016
123554,2019,Saint Mary's College of California,Moraga,CA,Full,115942.0,115941.58666666667
134079,2019,Florida Southern College,Lakeland,FL,Full,98970.0,98970.4
136950,2019,Rollins College,Winter Park,FL,Full,103477.22666666667,103477.0
146481,2019,Lake Forest College,Lake Forest,IL,Full,103622.0,103621.76923076923
150163,2019,Butler University,Indianapolis,IN,Full,102880.17592592593,102880.57407407407
152390,2019,Saint Mary's College,Notre Dame,IN,Full,88954.0,88954.26923076923
163046,2019,Loyola University Maryland,Baltimore,MD,Full,130586.0,130586.35135135135
164562,2019,Assumption College,Worcester,MA,Full,95818.35714285714,95818.60714285714
165699,2019,Endicott College,Beverly,MA,Full,112071.0,112070.53846153847
167996,2019,Stonehill College,Easton,MA,Assistant,71578.0,71577.86274509804
183239,2019,Saint Anselm College,Manchester,NH,Assistant,68309.0,68308.725
184348,2019,Drew University,Madison,NJ,Assistant,68635.0,68634.66666666667
191968,2019,Ithaca College,Ithaca,NY,Assistant,70022.09278350516,70022.06701030929
193584,2019,Nazareth College,Rochester,NY,Assistant,65069.75342465754,65069.767123287675
195216,2019,St Lawrence University,Canton,NY,Assistant,69176.0,69175.58620689655
195474,2019,Siena College,Loudonville,NY,Assistant,77319.0,77318.81355932204
203368,2019,John Carroll University,University Heights,OH,Assistant,77086.0,77085.9574468085
209056,2019,Lewis & Clark College,Portland,OR,Assistant,72024.0,72024.20833333333
209825,2019,University of Portland,Portland,OR,Assistant,78035.0,78035.4375
212197,2019,Elizabethtown College,Elizabethtown,PA,Assistant,67052.0,67051.52173913043
213251,2019,Juniata College,Huntingdon,PA,Assistant,59511.0,59511.142857142855
213507,2019,Lebanon Valley College,Annville,PA,Assistant,63538.60526315789,63538.84210526316
214157,2019,Moravian College,Bethlehem,PA,Assistant,70549.71428571429,70549.5306122449
214175,2019,Muhlenberg College,Allentown,PA,Assistant,69194.0,69194.21818181819
215770,2019,Saint Joseph's University,Philadelphia,PA,Assistant,88983.0,88982.90277777778
215929,2019,University of Scranton,Scranton,PA,Assistant,77712.0,77711.8
216278,2019,Susquehanna University,Selinsgrove,PA,Assistant,68792.0,68792.18
217536,2019,Salve Regina University,Newport,RI,Assistant,67368.0,67367.71875
218070,2019,Furman University,Greenville,SC,Assistant,74132.0,74131.91176470589
221351,2019,Rhodes College,Memphis,TN,Assistant,66488.27631578948,66488.06578947368
221519,2019,The University of the South,Sewanee,TN,Assistant,63954.0,63954.47222222222
224323,2019,University of Dallas,Irving,TX,Assistant,66536.58064516129,66536.7741935484
167996,2019,Stonehill College,Easton,MA,Associate,84527.0,84527.15873015873
183239,2019,Saint Anselm College,Manchester,NH,Associate,82588.0,82588.14285714286
184348,2019,Drew University,Madison,NJ,Associate,78437.0,78436.74509803922
191968,2019,Ithaca College,Ithaca,NY,Associate,85518.63218390805,85519.04022988505
193584,2019,Nazareth College,Rochester,NY,Associate,77576.54761904762,77576.23809523809
195216,2019,St Lawrence University,Canton,NY,Associate,92725.0,92725.275
195474,2019,Siena College,Loudonville,NY,Associate,88383.0,88382.85714285714
203368,2019,John Carroll University,University Heights,OH,Associate,77729.0,77729.4696969697
209056,2019,Lewis & Clark College,Portland,OR,Associate,83656.0,83656.33720930232
209825,2019,University of Portland,Portland,OR,Associate,88670.0,88670.0
212197,2019,Elizabethtown College,Elizabethtown,PA,Associate,78949.0,78948.71153846153
213251,2019,Juniata College,Huntingdon,PA,Associate,72029.0,72028.5
213507,2019,Lebanon Valley College,Annville,PA,Associate,76184.26530612246,76184.24489795919
214157,2019,Moravian College,Bethlehem,PA,Associate,80680.47169811321,80680.71698113208
214175,2019,Muhlenberg College,Allentown,PA,Associate,79477.0,79476.51282051283
215770,2019,Saint Joseph's University,Philadelphia,PA,Associate,93736.0,93736.17777777778
215929,2019,University of Scranton,Scranton,PA,Associate,98135.0,98134.65476190476
216278,2019,Susquehanna University,Selinsgrove,PA,Associate,76219.0,76218.96363636364
217536,2019,Salve Regina University,Newport,RI,Associate,84212.5142857143,84212.08571428571
218070,2019,Furman University,Greenville,SC,Associate,85190.0,85190.17142857143
221351,2019,Rhodes College,Memphis,TN,Associate,79149.0,79148.74285714286
221519,2019,The University of the South,Sewanee,TN,Associate,87466.0,87466.36842105263
224323,2019,University of Dallas,Irving,TX,Associate,75313.0,75313.01587301587
167996,2019,Stonehill College,Easton,MA,Full,106787.0,106786.78846153847
183239,2019,Saint Anselm College,Manchester,NH,Full,96355.0,96354.72
184348,2019,Drew University,Madison,NJ,Full,101038.0,101038.28888888888
191968,2019,Ithaca College,Ithaca,NY,Full,105698.30434782608,105698.26086956522
193584,2019,Nazareth College,Rochester,NY,Full,90743.83823529411,90743.35294117648
195216,2019,St Lawrence University,Canton,NY,Full,116913.0,116913.20512820513
195474,2019,Siena College,Loudonville,NY,Full,105472.0,105472.15384615384
203368,2019,John Carroll University,University Heights,OH,Full,95069.0,95068.58333333333
209056,2019,Lewis & Clark College,Portland,OR,Full,127782.0,127782.12903225806
209825,2019,University of Portland,Portland,OR,Full,103277.0,103276.9
212197,2019,Elizabethtown College,Elizabethtown,PA,Full,96790.0,96789.5294117647
213251,2019,Juniata College,Huntingdon,PA,Full,83664.0,83664.25862068965
213507,2019,Lebanon Valley College,Annville,PA,Full,82096.33333333333,82096.66666666667
214157,2019,Moravian College,Bethlehem,PA,Full,87065.32258064517,87065.06451612903
214175,2019,Muhlenberg College,Allentown,PA,Full,100513.0,100512.77966101695
215770,2019,Saint Joseph's University,Philadelphia,PA,Full,123864.0,123863.60975609756
215929,2019,University of Scranton,Scranton,PA,Full,116714.0,116714.25274725274
216278,2019,Susquehanna University,Selinsgrove,PA,Full,85842.0,85842.12
217536,2019,Salve Regina University,Newport,RI,Full,101653.0,101652.66666666667
218070,2019,Furman University,Greenville,SC,Full,106958.0,106958.3119266055
221351,2019,Rhodes College,Memphis,TN,Full,104618.0,104617.65714285715
221519,2019,The University of the South,Sewanee,TN,Full,110182.0,110181.703125
224323,2019,University of Dallas,Irving,TX,Full,92507.0,92506.85
236230,2019,Pacific Lutheran University,Tacoma,WA,Assistant,68911.89024390244,68912.09756097561
237066,2019,Whitworth University,Spokane,WA,Assistant,67283.82926829268,67284.0487804878
239716,2019,Saint Norbert College,De Pere,WI,Assistant,63546.0,63546.13114754098
236230,2019,Pacific Lutheran University,Tacoma,WA,Associate,70245.86842105263,70246.11842105263
237066,2019,Whitworth University,Spokane,WA,Associate,73470.88679245283,73471.09433962264
239716,2019,Saint Norbert College,De Pere,WI,Associate,73086.0,73085.60975609756
236230,2019,Pacific Lutheran University,Tacoma,WA,Full,80170.46511627907,80170.58139534884
237066,2019,Whitworth University,Spokane,WA,Full,87206.54166666667,87206.58333333333
239716,2019,Saint Norbert College,De Pere,WI,Full,97846.0,97845.81481481482
110413,2018,California Lutheran University,Thousand Oaks,CA,Assistant,74840.43396226416,74840.81132075471
123554,2018,Saint Mary's College of California,Moraga,CA,Assistant,76805.0,76804.88888888889
134079,2018,Florida Southern College,Lakeland,FL,Assistant,69533.0,69532.93055555556
136950,2018,Rollins College,Winter Park,FL,Assistant,68423.0,68422.57407407407
146481,2018,Lake Forest College,Lake Forest,IL,Assistant,65625.0,65625.0303030303
150163,2018,Butler University,Indianapolis,IN,Assistant,75676.82558139534,75676.93023255814
110413,2018,California Lutheran University,Thousand Oaks,CA,Associate,93750.68085106384,93750.93617021276
123554,2018,Saint Mary's College of California,Moraga,CA,Associate,93850.0,93849.7625
134079,2018,Florida Southern College,Lakeland,FL,Associate,79772.0,79772.12195121951
136950,2018,Rollins College,Winter Park,FL,Associate,87054.0,87054.46031746031
146481,2018,Lake Forest College,Lake Forest,IL,Associate,76796.0,76796.29032258065
150163,2018,Butler University,Indianapolis,IN,Associate,87727.8813559322,87727.89830508475
110413,2018,California Lutheran University,Thousand Oaks,CA,Full,117118.94915254238,117118.84745762713
123554,2018,Saint Mary's College of California,Moraga,CA,Full,117701.0,117700.51948051948
134079,2018,Florida Southern College,Lakeland,FL,Full,97897.0,97897.05
136950,2018,Rollins College,Winter Park,FL,Full,98336.0,98335.88059701493
146481,2018,Lake Forest College,Lake Forest,IL,Full,102416.0,102416.16666666667
150163,2018,Butler University,Indianapolis,IN,Full,101834.93137254902,101835.24509803922
152390,2018,Saint Mary's College,Notre Dame,IN,Assistant,58600.0,58599.96153846154
163046,2018,Loyola University Maryland,Baltimore,MD,Assistant,81722.73770491804,81722.4918032787
164562,2018,Assumption College,Worcester,MA,Assistant,67714.3953488372,67714.02325581395
165699,2018,Endicott College,Beverly,MA,Assistant,78526.0,78526.41860465116
167996,2018,Stonehill College,Easton,MA,Assistant,68796.0,68795.90909090909
183239,2018,Saint Anselm College,Manchester,NH,Assistant,67752.0,67751.54054054055
184348,2018,Drew University,Madison,NJ,Assistant,64748.0,64747.51162790698
191968,2018,Ithaca College,Ithaca,NY,Assistant,68813.25242718446,68813.17475728155
193584,2018,Nazareth College,Rochester,NY,Assistant,64930.02597402597,64929.61038961039
195216,2018,St Lawrence University,Canton,NY,Assistant,67254.0,67253.88888888889
195474,2018,Siena College,Loudonville,NY,Assistant,75837.0,75836.50793650794
203368,2018,John Carroll University,University Heights,OH,Assistant,79651.0,79651.21951219512
209056,2018,Lewis & Clark College,Portland,OR,Assistant,68091.0,68090.84
209825,2018,University of Portland,Portland,OR,Assistant,76011.0,76010.59322033898
212197,2018,Elizabethtown College,Elizabethtown,PA,Assistant,65353.0,65353.208333333336
213251,2018,Juniata College,Huntingdon,PA,Assistant,60258.0,60257.67857142857
213507,2018,Lebanon Valley College,Annville,PA,Assistant,63729.782608695656,63729.760869565216
214157,2018,Moravian College,Bethlehem,PA,Assistant,71378.5,71378.3
214175,2018,Muhlenberg College,Allentown,PA,Assistant,69882.0,69882.20370370371
215770,2018,Saint Joseph's University,Philadelphia,PA,Assistant,86348.0,86348.28169014085
215929,2018,University of Scranton,Scranton,PA,Assistant,74976.0,74976.35714285714
216278,2018,Susquehanna University,Selinsgrove,PA,Assistant,67739.0,67738.78260869565
152390,2018,Saint Mary's College,Notre Dame,IN,Associate,69724.90909090909,69725.31818181818
163046,2018,Loyola University Maryland,Baltimore,MD,Associate,95332.0,95331.57522123893
164562,2018,Assumption College,Worcester,MA,Associate,80060.85714285714,80061.07936507936
165699,2018,Endicott College,Beverly,MA,Associate,87698.62068965517,87699.0
167996,2018,Stonehill College,Easton,MA,Associate,84413.0,84412.88524590163
183239,2018,Saint Anselm College,Manchester,NH,Associate,80743.0,80743.05660377358
184348,2018,Drew University,Madison,NJ,Associate,76530.0,76530.49056603774
191968,2018,Ithaca College,Ithaca,NY,Associate,84517.83798882681,84518.08379888268
193584,2018,Nazareth College,Rochester,NY,Associate,76337.11363636363,76336.95454545454
195216,2018,St Lawrence University,Canton,NY,Associate,90808.0,90808.44155844155
195474,2018,Siena College,Loudonville,NY,Associate,85999.0,85998.71794871795
203368,2018,John Carroll University,University Heights,OH,Associate,74323.0,74322.84615384616
209056,2018,Lewis & Clark College,Portland,OR,Associate,81713.0,81713.13580246913
209825,2018,University of Portland,Portland,OR,Associate,83143.0,83142.59756097561
212197,2018,Elizabethtown College,Elizabethtown,PA,Associate,78061.0,78060.56140350878
213251,2018,Juniata College,Huntingdon,PA,Associate,68566.0,68566.41666666667
213507,2018,Lebanon Valley College,Annville,PA,Associate,73308.31818181818,73308.68181818182
214157,2018,Moravian College,Bethlehem,PA,Associate,77645.66666666667,77646.13725490196
214175,2018,Muhlenberg College,Allentown,PA,Associate,81029.0,81029.02222222222
215770,2018,Saint Joseph's University,Philadelphia,PA,Associate,96121.0,96120.73404255319
215929,2018,University of Scranton,Scranton,PA,Associate,95547.0,95547.40229885057
216278,2018,Susquehanna University,Selinsgrove,PA,Associate,73867.0,73866.89552238806
152390,2018,Saint Mary's College,Notre Dame,IN,Full,88070.76666666666,88070.4
163046,2018,Loyola University Maryland,Baltimore,MD,Full,127323.0,127322.51851851853
164562,2018,Assumption College,Worcester,MA,Full,98836.86363636363,98837.0
165699,2018,Endicott College,Beverly,MA,Full,102890.0,102889.82857142857
167996,2018,Stonehill College,Easton,MA,Full,108885.0,108884.5
183239,2018,Saint Anselm College,Manchester,NH,Full,97498.0,97497.77083333333
184348,2018,Drew University,Madison,NJ,Full,100021.0,100021.30188679245
191968,2018,Ithaca College,Ithaca,NY,Full,105510.26785714286,105510.17857142857
193584,2018,Nazareth College,Rochester,NY,Full,91402.6129032258,91402.30645161291
195216,2018,St Lawrence University,Canton,NY,Full,112930.0,112929.84615384616
195474,2018,Siena College,Loudonville,NY,Full,105008.0,105007.66666666667
203368,2018,John Carroll University,University Heights,OH,Full,96647.0,96647.14285714286
209056,2018,Lewis & Clark College,Portland,OR,Full,121371.0,121370.85714285714
209825,2018,University of Portland,Portland,OR,Full,98382.0,98382.35416666667
212197,2018,Elizabethtown College,Elizabethtown,PA,Full,95844.0,95843.87878787878
213251,2018,Juniata College,Huntingdon,PA,Full,85584.0,85584.43103448275
213507,2018,Lebanon Valley College,Annville,PA,Full,79739.87096774194,79739.96774193548
214157,2018,Moravian College,Bethlehem,PA,Full,90051.08823529411,90051.44117647059
214175,2018,Muhlenberg College,Allentown,PA,Full,103450.0,103450.42105263157
215770,2018,Saint Joseph's University,Philadelphia,PA,Full,126912.0,126912.38666666667
215929,2018,University of Scranton,Scranton,PA,Full,115110.0,115109.84444444445
216278,2018,Susquehanna University,Selinsgrove,PA,Full,86074.0,86074.07692307692
217536,2018,Salve Regina University,Newport,RI,Assistant,67149.0,67149.17647058824
218070,2018,Furman University,Greenville,SC,Assistant,72412.0,72411.69696969698
221351,2018,Rhodes College,Memphis,TN,Assistant,65546.1052631579,65546.21052631579
221519,2018,The University of the South,Sewanee,TN,Assistant,63092.0,63092.0625
224323,2018,University of Dallas,Irving,TX,Assistant,65004.7037037037,65004.77777777778
236230,2018,Pacific Lutheran University,Tacoma,WA,Assistant,65435.97402597403,65436.194805194806
237066,2018,Whitworth University,Spokane,WA,Assistant,65979.42222222222,65979.35555555555
239716,2018,Saint Norbert College,De Pere,WI,Assistant,59567.0,59566.68656716418
217536,2018,Salve Regina University,Newport,RI,Associate,82121.0,82120.71428571429
218070,2018,Furman University,Greenville,SC,Associate,82793.0,82792.76712328767
221351,2018,Rhodes College,Memphis,TN,Associate,76325.0,76325.15714285715
221519,2018,The University of the South,Sewanee,TN,Associate,86300.0,86300.31707317074
224323,2018,University of Dallas,Irving,TX,Associate,76259.0,76259.34426229508
236230,2018,Pacific Lutheran University,Tacoma,WA,Associate,70136.90277777778,70137.33333333333
237066,2018,Whitworth University,Spokane,WA,Associate,71425.0,71424.59615384616
239716,2018,Saint Norbert College,De Pere,WI,Associate,72241.0,72241.43243243243
217536,2018,Salve Regina University,Newport,RI,Full,100693.0,100693.46428571429
218070,2018,Furman University,Greenville,SC,Full,107445.0,107444.6574074074
221351,2018,Rhodes College,Memphis,TN,Full,106740.85294117648,106740.82352941176
221519,2018,The University of the South,Sewanee,TN,Full,108622.0,108622.04477611941
224323,2018,University of Dallas,Irving,TX,Full,93007.0,93007.3
236230,2018,Pacific Lutheran University,Tacoma,WA,Full,84157.22727272728,84157.40909090909
237066,2018,Whitworth University,Spokane,WA,Full,85861.6511627907,85861.95348837209
239716,2018,Saint Norbert College,De Pere,WI,Full,93663.0,93663.4
110413,2017,California Lutheran University,Thousand Oaks,CA,Assistant,76308.97872340426,76308.87234042553
110413,2017,California Lutheran University,Thousand Oaks,CA,Associate,92633.85714285714,92633.63265306123
110413,2017,California Lutheran University,Thousand Oaks,CA,Full,116003.64406779662,116003.61016949153
123554,2017,Saint Mary's College of California,Moraga,CA,Assistant,88669.0,88668.61904761905
134079,2017,Florida Southern College,Lakeland,FL,Assistant,66299.0,66298.578125
136950,2017,Rollins College,Winter Park,FL,Assistant,67110.0,67110.15873015873
146481,2017,Lake Forest College,Lake Forest,IL,Assistant,64212.0,64211.6875
150163,2017,Butler University,Indianapolis,IN,Assistant,71604.13513513513,71603.87837837837
152390,2017,Saint Mary's College,Notre Dame,IN,Assistant,58708.0,58707.857142857145
163046,2017,Loyola University Maryland,Baltimore,MD,Assistant,80981.5,80981.1125
164562,2017,Assumption College,Worcester,MA,Assistant,66689.33333333333,66689.05882352941
165699,2017,Endicott College,Beverly,MA,Assistant,74864.35897435897,74864.51282051283
167996,2017,Stonehill College,Easton,MA,Assistant,65186.0,65186.085106382976
183239,2017,Saint Anselm College,Manchester,NH,Assistant,66655.0,66655.36111111111
184348,2017,Drew University,Madison,NJ,Assistant,63459.0,63459.42857142857
191968,2017,Ithaca College,Ithaca,NY,Assistant,69733.64766839378,69734.0932642487
193584,2017,Nazareth College,Rochester,NY,Assistant,65014.469696969696,65014.257575757576
123554,2017,Saint Mary's College of California,Moraga,CA,Associate,79224.0,79224.24691358025
134079,2017,Florida Southern College,Lakeland,FL,Associate,73567.0,73566.79487179487
136950,2017,Rollins College,Winter Park,FL,Associate,86639.0,86639.03076923077
146481,2017,Lake Forest College,Lake Forest,IL,Associate,78767.0,78766.96774193548
150163,2017,Butler University,Indianapolis,IN,Associate,80764.35593220338,80764.2372881356
152390,2017,Saint Mary's College,Notre Dame,IN,Associate,69917.475,69917.325
163046,2017,Loyola University Maryland,Baltimore,MD,Associate,94120.0,94120.2336448598
164562,2017,Assumption College,Worcester,MA,Associate,79712.0,79712.38095238095
165699,2017,Endicott College,Beverly,MA,Associate,87254.0,87254.21875
167996,2017,Stonehill College,Easton,MA,Associate,83870.0,83869.67213114754
183239,2017,Saint Anselm College,Manchester,NH,Associate,79923.0,79923.0
184348,2017,Drew University,Madison,NJ,Associate,77539.0,77538.78947368421
191968,2017,Ithaca College,Ithaca,NY,Associate,82201.46739130435,82201.89130434782
193584,2017,Nazareth College,Rochester,NY,Associate,74808.5,74808.52083333333
123554,2017,Saint Mary's College of California,Moraga,CA,Full,106241.0,106240.875
134079,2017,Florida Southern College,Lakeland,FL,Full,94338.0,94338.3
136950,2017,Rollins College,Winter Park,FL,Full,97644.0,97644.234375
146481,2017,Lake Forest College,Lake Forest,IL,Full,99325.0,99325.07692307692
150163,2017,Butler University,Indianapolis,IN,Full,94480.48936170213,94480.06382978724
152390,2017,Saint Mary's College,Notre Dame,IN,Full,89236.58064516129,89236.16129032258
163046,2017,Loyola University Maryland,Baltimore,MD,Full,125213.0,125212.94117647059
164562,2017,Assumption College,Worcester,MA,Full,98312.73913043478,98312.82608695653
165699,2017,Endicott College,Beverly,MA,Full,99095.0,99095.18181818182
167996,2017,Stonehill College,Easton,MA,Full,109066.0,109065.74
183239,2017,Saint Anselm College,Manchester,NH,Full,97078.0,97078.25490196078
184348,2017,Drew University,Madison,NJ,Full,100610.0,100609.54716981133
191968,2017,Ithaca College,Ithaca,NY,Full,103570.69811320755,103571.00943396226
193584,2017,Nazareth College,Rochester,NY,Full,88254.75409836066,88255.04918032787
195216,2017,St Lawrence University,Canton,NY,Assistant,66400.0,66399.95522388059
195474,2017,Siena College,Loudonville,NY,Assistant,72521.0,72520.89285714286
203368,2017,John Carroll University,University Heights,OH,Assistant,80559.0,80558.91891891892
209056,2017,Lewis & Clark College,Portland,OR,Assistant,65046.0,65046.117647058825
209825,2017,University of Portland,Portland,OR,Assistant,72796.0,72796.09375
212197,2017,Elizabethtown College,Elizabethtown,PA,Assistant,62570.0,62570.260869565216
213251,2017,Juniata College,Huntingdon,PA,Assistant,59862.0,59861.61538461538
213507,2017,Lebanon Valley College,Annville,PA,Assistant,63709.142857142855,63709.08571428571
214157,2017,Moravian College,Bethlehem,PA,Assistant,66267.13636363637,66266.86363636363
214175,2017,Muhlenberg College,Allentown,PA,Assistant,68634.0,68634.38
215770,2017,Saint Joseph's University,Philadelphia,PA,Assistant,87078.0,87078.25
215929,2017,University of Scranton,Scranton,PA,Assistant,74718.0,74718.36842105263
216278,2017,Susquehanna University,Selinsgrove,PA,Assistant,68715.0,68715.29545454546
217536,2017,Salve Regina University,Newport,RI,Assistant,66084.0,66084.07692307692
218070,2017,Furman,Greenville,SC,Assistant,68277.0,68276.94444444444
221351,2017,Rhodes College,Memphis,TN,Assistant,64849.0,64848.90410958904
221519,2017,Sewanee-The University of the South,Sewanee,TN,Assistant,64084.0,64084.49180327869
224323,2017,University of Dallas,Irving,TX,Assistant,62840.74193548387,62841.1935483871
236230,2017,Pacific Lutheran University,Tacoma,WA,Assistant,63355.0,63355.29885057471
237066,2017,Whitworth University,Spokane,WA,Assistant,66697.775,66697.45
239716,2017,Saint Norbert College,De Pere,WI,Assistant,57726.0,57725.953125
195216,2017,St Lawrence University,Canton,NY,Associate,88787.0,88786.88311688312
195474,2017,Siena College,Loudonville,NY,Associate,85920.0,85920.26315789473
203368,2017,John Carroll University,University Heights,OH,Associate,71123.0,71123.41176470589
209056,2017,Lewis & Clark College,Portland,OR,Associate,83525.0,83524.725
209825,2017,University of Portland,Portland,OR,Associate,77060.0,77059.578313253
212197,2017,Elizabethtown College,Elizabethtown,PA,Associate,77283.0,77283.20338983051
213251,2017,Juniata College,Huntingdon,PA,Associate,69311.0,69310.58333333333
213507,2017,Lebanon Valley College,Annville,PA,Associate,73857.83333333333,73857.875
214157,2017,Moravian College,Bethlehem,PA,Associate,75122.10638297872,75122.34042553192
214175,2017,Muhlenberg College,Allentown,PA,Associate,81881.0,81880.63043478261
215770,2017,Saint Joseph's University,Philadelphia,PA,Associate,96251.0,96251.21875
215929,2017,University of Scranton,Scranton,PA,Associate,93952.0,93952.01111111112
216278,2017,Susquehanna University,Selinsgrove,PA,Associate,73677.0,73676.86764705883
217536,2017,Salve Regina University,Newport,RI,Associate,80925.08108108108,80925.08108108108
218070,2017,Furman,Greenville,SC,Associate,79367.0,79366.97101449275
221351,2017,Rhodes College,Memphis,TN,Associate,75478.0,75478.02739726027
221519,2017,Sewanee-The University of the South,Sewanee,TN,Associate,85078.0,85077.76923076923
224323,2017,University of Dallas,Irving,TX,Associate,72610.0,72610.47368421052
236230,2017,Pacific Lutheran University,Tacoma,WA,Associate,68619.975,68620.05
237066,2017,Whitworth University,Spokane,WA,Associate,69180.6862745098,69180.80392156863
239716,2017,Saint Norbert College,De Pere,WI,Associate,72009.0,72009.23076923077
195216,2017,St Lawrence University,Canton,NY,Full,113978.0,113977.79069767441
195474,2017,Siena College,Loudonville,NY,Full,105297.0,105297.33333333333
203368,2017,John Carroll University,University Heights,OH,Full,93699.0,93699.296875
209056,2017,Lewis & Clark College,Portland,OR,Full,121346.0,121345.546875
209825,2017,University of Portland,Portland,OR,Full,97067.0,97067.02173913043
212197,2017,Elizabethtown College,Elizabethtown,PA,Full,94313.0,94312.94117647059
213251,2017,Juniata College,Huntingdon,PA,Full,84498.0,84497.7924528302
213507,2017,Lebanon Valley College,Annville,PA,Full,82435.60606060606,82435.30303030302
214157,2017,Moravian College,Bethlehem,PA,Full,86661.42424242424,86661.84848484848
214175,2017,Muhlenberg College,Allentown,PA,Full,100469.0,100469.45
215770,2017,Saint Joseph's University,Philadelphia,PA,Full,123848.0,123847.65277777778
215929,2017,University of Scranton,Scranton,PA,Full,114361.0,114361.31914893616
216278,2017,Susquehanna University,Selinsgrove,PA,Full,90117.0,90117.35
217536,2017,Salve Regina University,Newport,RI,Full,101722.0,101721.6129032258
218070,2017,Furman,Greenville,SC,Full,104196.0,104195.7372881356
221351,2017,Rhodes College,Memphis,TN,Full,106739.0,106739.09375
221519,2017,Sewanee-The University of the South,Sewanee,TN,Full,109596.0,109596.01538461538
224323,2017,University of Dallas,Irving,TX,Full,92112.0,92112.0
236230,2017,Pacific Lutheran University,Tacoma,WA,Full,82503.0,82502.80434782608
237066,2017,Whitworth University,Spokane,WA,Full,87061.12195121951,87060.78048780488
239716,2017,Saint Norbert College,De Pere,WI,Full,87685.0,87684.66666666667
110413,2016,California Lutheran University,Thousand Oaks,CA,Assistant,75498.76,75499.0
123554,2016,Saint Mary's College of California,Moraga,CA,Assistant,76199.0,76199.29824561403
134079,2016,Florida Southern College,Lakeland,FL,Assistant,62723.0,62722.88333333333
136950,2016,Rollins College,Winter Park,FL,Assistant,65862.0,65862.02272727272
146481,2016,Lake Forest College,Lake Forest,IL,Assistant,62903.0,62902.903225806454
150163,2016,Butler University,Indianapolis,IN,Assistant,75912.05555555556,75912.375
152390,2016,Saint Mary's College,Notre Dame,IN,Assistant,57259.0,57258.78846153846
110413,2016,California Lutheran University,Thousand Oaks,CA,Associate,93656.36956521739,93656.52173913043
123554,2016,Saint Mary's College of California,Moraga,CA,Associate,96875.55555555556,96875.20987654322
134079,2016,Florida Southern College,Lakeland,FL,Associate,70699.0,70698.58333333333
136950,2016,Rollins College,Winter Park,FL,Associate,82545.0,82545.06153846154
146481,2016,Lake Forest College,Lake Forest,IL,Associate,76758.0,76757.5
150163,2016,Butler University,Indianapolis,IN,Associate,86872.50427350428,86872.29914529914
152390,2016,Saint Mary's College,Notre Dame,IN,Associate,68122.0,68121.625
110413,2016,California Lutheran University,Thousand Oaks,CA,Full,119153.74576271187,119153.81355932204
123554,2016,Saint Mary's College of California,Moraga,CA,Full,116034.0,116034.17105263157
134079,2016,Florida Southern College,Lakeland,FL,Full,86263.0,86262.60869565218
136950,2016,Rollins College,Winter Park,FL,Full,97860.0,97860.23880597015
146481,2016,Lake Forest College,Lake Forest,IL,Full,97951.0,97951.0
150163,2016,Butler University,Indianapolis,IN,Full,99876.91489361702,99877.18085106384
152390,2016,Saint Mary's College,Notre Dame,IN,Full,91567.27272727272,91566.84848484848
163046,2016,Loyola University Maryland,Baltimore,MD,Assistant,80987.78947368421,80987.92631578947
164562,2016,Assumption College,Worcester,MA,Assistant,64920.45283018868,64920.47169811321
165699,2016,Endicott College,Beverly,MA,Assistant,73771.46153846153,73771.69230769231
167996,2016,Stonehill College,Easton,MA,Assistant,63062.0,63062.36363636364
183239,2016,Saint Anselm College,Manchester,NH,Assistant,62644.0,62643.769230769234
184348,2016,Drew University,Madison,NJ,Assistant,62561.0,62560.67567567567
191968,2016,Ithaca College,Ithaca,NY,Assistant,68399.7281553398,68399.74757281554
193584,2016,Nazareth College,Rochester,NY,Assistant,64168.739130434784,64168.76811594203
195216,2016,St Lawrence University,Canton,NY,Assistant,64569.0,64569.375
195474,2016,Siena College,Loudonville,NY,Assistant,69204.0,69204.4262295082
203368,2016,John Carroll University,University Heights,OH,Assistant,74840.0,74840.0
209056,2016,Lewis & Clark College,Portland,OR,Assistant,68481.0,68480.64406779662
209825,2016,University of Portland,Portland,OR,Assistant,68042.0,68041.54545454546
212197,2016,Elizabethtown College,Elizabethtown,PA,Assistant,62294.0,62294.40909090909
213251,2016,Juniata College,Huntingdon,PA,Assistant,61190.0,61189.608695652176
213507,2016,Lebanon Valley College,Annville,PA,Assistant,62371.35294117647,62371.705882352944
214157,2016,Moravian College,Bethlehem,PA,Assistant,66200.32432432432,66200.37837837837
214175,2016,Muhlenberg College,Allentown,PA,Assistant,66403.0,66402.9
215770,2016,Saint Joseph's University,Philadelphia,PA,Assistant,86609.0,86608.98701298701
215929,2016,University of Scranton,Scranton,PA,Assistant,75718.0,75718.39285714286
216278,2016,Susquehanna University,Selinsgrove,PA,Assistant,65409.0,65408.63333333333
217536,2016,Salve Regina University,Newport,RI,Assistant,65569.0,65569.07692307692
218070,2016,Furman University,Greenville,SC,Assistant,67533.0,67533.17307692308
163046,2016,Loyola University Maryland,Baltimore,MD,Associate,95011.0,95010.72
164562,2016,Assumption College,Worcester,MA,Associate,80338.0,80337.68852459016
165699,2016,Endicott College,Beverly,MA,Associate,85241.0,85241.31034482758
167996,2016,Stonehill College,Easton,MA,Associate,82505.0,82504.66666666667
183239,2016,Saint Anselm College,Manchester,NH,Associate,78121.0,78121.30434782608
184348,2016,Drew University,Madison,NJ,Associate,76837.0,76836.92857142857
191968,2016,Ithaca College,Ithaca,NY,Associate,80979.48314606742,80979.76966292135
193584,2016,Nazareth College,Rochester,NY,Associate,73784.76595744681,73784.78723404255
195216,2016,St Lawrence University,Canton,NY,Associate,87084.0,87084.15
195474,2016,Siena College,Loudonville,NY,Associate,84447.0,84447.05882352941
203368,2016,John Carroll University,University Heights,OH,Associate,71555.0,71554.85294117648
209056,2016,Lewis & Clark College,Portland,OR,Associate,83981.0,83981.07692307692
209825,2016,University of Portland,Portland,OR,Associate,77449.0,77449.11494252873
212197,2016,Elizabethtown College,Elizabethtown,PA,Associate,77114.0,77113.79032258065
213251,2016,Juniata College,Huntingdon,PA,Associate,69420.0,69420.44444444444
213507,2016,Lebanon Valley College,Annville,PA,Associate,74029.82608695653,74029.73913043478
214157,2016,Moravian College,Bethlehem,PA,Associate,72148.07692307692,72148.44230769231
214175,2016,Muhlenberg College,Allentown,PA,Associate,79286.0,79285.76595744681
215770,2016,Saint Joseph's University,Philadelphia,PA,Associate,94556.0,94556.35714285714
215929,2016,University of Scranton,Scranton,PA,Associate,90535.0,90534.78888888888
216278,2016,Susquehanna University,Selinsgrove,PA,Associate,73291.0,73291.18309859154
217536,2016,Salve Regina University,Newport,RI,Associate,78761.44736842105,78760.97368421052
218070,2016,Furman University,Greenville,SC,Associate,77704.0,77704.34782608696
163046,2016,Loyola University Maryland,Baltimore,MD,Full,125966.0,125966.36781609195
164562,2016,Assumption College,Worcester,MA,Full,99269.08695652174,99269.34782608696
165699,2016,Endicott College,Beverly,MA,Full,98607.39393939394,98607.81818181818
167996,2016,Stonehill College,Easton,MA,Full,108268.0,108267.5
183239,2016,Saint Anselm College,Manchester,NH,Full,94921.0,94921.30612244898
184348,2016,Drew University,Madison,NJ,Full,101950.0,101949.73214285714
191968,2016,Ithaca College,Ithaca,NY,Full,104056.59803921569,104056.37254901961
193584,2016,Nazareth College,Rochester,NY,Full,87398.0,87397.64615384616
195216,2016,St Lawrence University,Canton,NY,Full,110728.0,110728.25581395348
195474,2016,Siena College,Loudonville,NY,Full,102499.0,102499.09090909091
203368,2016,John Carroll University,University Heights,OH,Full,93680.0,93680.0
209056,2016,Lewis & Clark College,Portland,OR,Full,127424.0,127424.08474576271
209825,2016,University of Portland,Portland,OR,Full,92777.0,92777.27272727272
212197,2016,Elizabethtown College,Elizabethtown,PA,Full,94468.0,94467.61764705883
213251,2016,Juniata College,Huntingdon,PA,Full,87463.0,87462.60377358491
213507,2016,Lebanon Valley College,Annville,PA,Full,83863.8,83863.93333333333
214157,2016,Moravian College,Bethlehem,PA,Full,84102.0,84102.43333333333
214175,2016,Muhlenberg College,Allentown,PA,Full,98858.0,98857.88524590163
215770,2016,Saint Joseph's University,Philadelphia,PA,Full,122814.0,122813.88235294117
215929,2016,University of Scranton,Scranton,PA,Full,111745.0,111744.73958333333
216278,2016,Susquehanna University,Selinsgrove,PA,Full,90924.0,90923.52380952382
217536,2016,Salve Regina University,Newport,RI,Full,100636.0,100635.83333333333
218070,2016,Furman University,Greenville,SC,Full,102743.0,102742.83333333333
221351,2016,Rhodes College,Memphis,TN,Assistant,63803.0,63803.13157894737
221519,2016,Sewanee-The University of the South,Sewanee,TN,Assistant,58638.0,58637.92424242424
224323,2016,University of Dallas,Irving,TX,Assistant,66089.11428571428,66089.08571428571
236230,2016,Pacific Lutheran University,Tacoma,WA,Assistant,64531.07692307692,64531.47252747253
237066,2016,Whitworth University,Spokane,WA,Assistant,63121.08,63121.32
239716,2016,Saint Norbert College,De Pere,WI,Assistant,56263.0,56262.57352941176
221351,2016,Rhodes College,Memphis,TN,Associate,75674.0,75673.79746835443
221519,2016,Sewanee-The University of the South,Sewanee,TN,Associate,84713.0,84712.75
224323,2016,University of Dallas,Irving,TX,Associate,72974.0,72974.31481481482
236230,2016,Pacific Lutheran University,Tacoma,WA,Associate,65342.46835443038,65342.86075949367
237066,2016,Whitworth University,Spokane,WA,Associate,68783.62790697675,68783.25581395348
239716,2016,Saint Norbert College,De Pere,WI,Associate,69299.0,69299.09090909091
221351,2016,Rhodes College,Memphis,TN,Full,105649.0,105649.03448275862
221519,2016,Sewanee-The University of the South,Sewanee,TN,Full,106661.0,106661.36231884058
224323,2016,University of Dallas,Irving,TX,Full,96727.65217391304,96727.34782608696
236230,2016,Pacific Lutheran University,Tacoma,WA,Full,78870.0,78870.27083333333
237066,2016,Whitworth University,Spokane,WA,Full,85109.86363636363,85109.81818181818
239716,2016,Saint Norbert College,De Pere,WI,Full,85376.0,85376.0
110413,2015,California Lutheran University,Thousand Oaks,CA,Assistant,0.0,76699.7
123554,2015,Saint Mary's College of California,Moraga,CA,Assistant,0.0,72029.12727272727
134079,2015,Florida Southern College,Lakeland,FL,Assistant,0.0,62513.19642857143
136950,2015,Rollins College,Winter Park,FL,Assistant,0.0,65140.74193548387
146481,2015,Lake Forest College,Lake Forest,IL,Assistant,0.0,60583.818181818184
150163,2015,Butler University,Indianapolis,IN,Assistant,0.0,82697.93406593407
152390,2015,Saint Mary's College,Notre Dame,IN,Assistant,0.0,52338.76470588235
163046,2015,Loyola University Maryland,Baltimore,MD,Assistant,0.0,75435.02857142857
164562,2015,Assumption College,Worcester,MA,Assistant,0.0,63957.77358490566
165699,2015,Endicott College,Beverly,MA,Assistant,0.0,73409.4705882353
167996,2015,Stonehill College,Easton,MA,Assistant,0.0,64639.22222222222
110413,2015,California Lutheran University,Thousand Oaks,CA,Associate,0.0,92922.31707317074
123554,2015,Saint Mary's College of California,Moraga,CA,Associate,0.0,85537.5
134079,2015,Florida Southern College,Lakeland,FL,Associate,0.0,70296.86666666667
136950,2015,Rollins College,Winter Park,FL,Associate,0.0,77346.32258064517
146481,2015,Lake Forest College,Lake Forest,IL,Associate,0.0,75333.69696969698
150163,2015,Butler University,Indianapolis,IN,Associate,0.0,83841.59047619048
152390,2015,Saint Mary's College,Notre Dame,IN,Associate,0.0,65684.65853658537
163046,2015,Loyola University Maryland,Baltimore,MD,Associate,0.0,92480.4574468085
164562,2015,Assumption College,Worcester,MA,Associate,0.0,79394.296875
165699,2015,Endicott College,Beverly,MA,Associate,0.0,82115.86666666667
167996,2015,Stonehill College,Easton,MA,Associate,0.0,80043.77192982456
110413,2015,California Lutheran University,Thousand Oaks,CA,Full,0.0,117165.09090909091
123554,2015,Saint Mary's College of California,Moraga,CA,Full,0.0,105829.11688311688
134079,2015,Florida Southern College,Lakeland,FL,Full,0.0,86440.12
136950,2015,Rollins College,Winter Park,FL,Full,0.0,96557.78378378379
146481,2015,Lake Forest College,Lake Forest,IL,Full,0.0,98286.22222222222
150163,2015,Butler University,Indianapolis,IN,Full,0.0,103314.53846153847
152390,2015,Saint Mary's College,Notre Dame,IN,Full,0.0,82934.23529411765
163046,2015,Loyola University Maryland,Baltimore,MD,Full,0.0,125385.69411764706
164562,2015,Assumption College,Worcester,MA,Full,0.0,96843.125
165699,2015,Endicott College,Beverly,MA,Full,0.0,98500.09375
167996,2015,Stonehill College,Easton,MA,Full,0.0,109001.30434782608
183239,2015,Saint Anselm College,Manchester,NH,Assistant,0.0,59096.34146341463
184348,2015,Drew University,Madison,NJ,Assistant,0.0,61992.8
191968,2015,Ithaca College,Ithaca,NY,Assistant,0.0,67189.44660194175
193584,2015,Nazareth College,Rochester,NY,Assistant,0.0,62906.60317460317
195216,2015,St Lawrence University,Canton,NY,Assistant,0.0,63364.67213114754
195474,2015,Siena College,Loudonville,NY,Assistant,0.0,68085.58823529411
203368,2015,John Carroll University,University Heights,OH,Assistant,0.0,67097.27272727272
209056,2015,Lewis & Clark College,Portland,OR,Assistant,0.0,65933.20689655172
209825,2015,University of Portland,Portland,OR,Assistant,0.0,65845.63461538461
212197,2015,Elizabethtown College,Elizabethtown,PA,Assistant,0.0,61659.88
213251,2015,Juniata College,Huntingdon,PA,Assistant,0.0,60252.75
213507,2015,Lebanon Valley College,Annville,PA,Assistant,0.0,63296.0
214157,2015,Moravian College,Bethlehem,PA,Assistant,0.0,63182.5
214175,2015,Muhlenberg College,Allentown,PA,Assistant,0.0,62511.16279069767
215770,2015,Saint Joseph's University,Philadelphia,PA,Assistant,0.0,84003.7469879518
215929,2015,University of Scranton,Scranton,PA,Assistant,0.0,74317.4918032787
216278,2015,Susquehanna University,Selinsgrove,PA,Assistant,0.0,64278.8
217536,2015,Salve Regina University,Newport,RI,Assistant,0.0,64164.90625
218070,2015,Furman University,Greenville,SC,Assistant,0.0,63732.44680851064
221351,2015,Rhodes College,Memphis,TN,Assistant,0.0,62147.1875
221519,2015,Sewanee-The University of the South,Sewanee,TN,Assistant,0.0,60469.944444444445
224323,2015,University of Dallas,Irving,TX,Assistant,0.0,60914.2037037037
236230,2015,Pacific Lutheran University,Tacoma,WA,Assistant,0.0,61782.88888888889
237066,2015,Whitworth University,Spokane,WA,Assistant,0.0,63143.142857142855
183239,2015,Saint Anselm College,Manchester,NH,Associate,0.0,75598.09090909091
184348,2015,Drew University,Madison,NJ,Associate,0.0,76904.45283018867
191968,2015,Ithaca College,Ithaca,NY,Associate,0.0,80480.90751445087
193584,2015,Nazareth College,Rochester,NY,Associate,0.0,71446.19298245614
195216,2015,St Lawrence University,Canton,NY,Associate,0.0,82591.35897435897
195474,2015,Siena College,Loudonville,NY,Associate,0.0,82384.77611940299
203368,2015,John Carroll University,University Heights,OH,Associate,0.0,66848.08219178082
209056,2015,Lewis & Clark College,Portland,OR,Associate,0.0,83948.77922077922
209825,2015,University of Portland,Portland,OR,Associate,0.0,75465.67045454546
212197,2015,Elizabethtown College,Elizabethtown,PA,Associate,0.0,75571.03278688525
213251,2015,Juniata College,Huntingdon,PA,Associate,0.0,67402.33333333333
213507,2015,Lebanon Valley College,Annville,PA,Associate,0.0,72286.90909090909
214157,2015,Moravian College,Bethlehem,PA,Associate,0.0,69341.45283018867
214175,2015,Muhlenberg College,Allentown,PA,Associate,0.0,78638.02127659574
215770,2015,Saint Joseph's University,Philadelphia,PA,Associate,0.0,93218.875
215929,2015,University of Scranton,Scranton,PA,Associate,0.0,87970.03409090909
216278,2015,Susquehanna University,Selinsgrove,PA,Associate,0.0,72572.84057971014
217536,2015,Salve Regina University,Newport,RI,Associate,0.0,76550.5945945946
218070,2015,Furman University,Greenville,SC,Associate,0.0,74580.59701492537
221351,2015,Rhodes College,Memphis,TN,Associate,0.0,77884.41791044777
221519,2015,Sewanee-The University of the South,Sewanee,TN,Associate,0.0,80477.63636363637
224323,2015,University of Dallas,Irving,TX,Associate,0.0,71234.33333333333
236230,2015,Pacific Lutheran University,Tacoma,WA,Associate,0.0,65764.7375
237066,2015,Whitworth University,Spokane,WA,Associate,0.0,69839.89130434782
183239,2015,Saint Anselm College,Manchester,NH,Full,0.0,91520.45652173914
184348,2015,Drew University,Madison,NJ,Full,0.0,100354.58928571429
191968,2015,Ithaca College,Ithaca,NY,Full,0.0,101663.12871287129
193584,2015,Nazareth College,Rochester,NY,Full,0.0,86267.0
195216,2015,St Lawrence University,Canton,NY,Full,0.0,105624.42857142857
195474,2015,Siena College,Loudonville,NY,Full,0.0,100245.75757575757
203368,2015,John Carroll University,University Heights,OH,Full,0.0,83800.1038961039
209056,2015,Lewis & Clark College,Portland,OR,Full,0.0,122653.8253968254
209825,2015,University of Portland,Portland,OR,Full,0.0,85180.1914893617
212197,2015,Elizabethtown College,Elizabethtown,PA,Full,0.0,92091.63636363637
213251,2015,Juniata College,Huntingdon,PA,Full,0.0,84753.2156862745
213507,2015,Lebanon Valley College,Annville,PA,Full,0.0,83039.31034482758
214157,2015,Moravian College,Bethlehem,PA,Full,0.0,81385.04
214175,2015,Muhlenberg College,Allentown,PA,Full,0.0,98292.24137931035
215770,2015,Saint Joseph's University,Philadelphia,PA,Full,0.0,117947.14705882352
215929,2015,University of Scranton,Scranton,PA,Full,0.0,109568.9693877551
216278,2015,Susquehanna University,Selinsgrove,PA,Full,0.0,93003.55
217536,2015,Salve Regina University,Newport,RI,Full,0.0,97913.46875
218070,2015,Furman University,Greenville,SC,Full,0.0,98962.71551724138
221351,2015,Rhodes College,Memphis,TN,Full,0.0,102515.75
221519,2015,Sewanee-The University of the South,Sewanee,TN,Full,0.0,105750.16666666667
224323,2015,University of Dallas,Irving,TX,Full,0.0,91820.34782608696
236230,2015,Pacific Lutheran University,Tacoma,WA,Full,0.0,82407.41666666667
237066,2015,Whitworth University,Spokane,WA,Full,0.0,83252.45238095238
239716,2015,Saint Norbert College,De Pere,WI,Assistant,0.0,53627.97101449275
239716,2015,Saint Norbert College,De Pere,WI,Associate,0.0,69554.36666666667
239716,2015,Saint Norbert College,De Pere,WI,Full,0.0,86423.78260869565
110413,2014,California Lutheran University,Thousand Oaks,CA,Assistant,0.0,75987.26923076923
123554,2014,Saint Mary's College of California,Moraga,CA,Assistant,0.0,72345.27659574468
110413,2014,California Lutheran University,Thousand Oaks,CA,Associate,0.0,91813.31428571428
123554,2014,Saint Mary's College of California,Moraga,CA,Associate,0.0,87294.17721518988
110413,2014,California Lutheran University,Thousand Oaks,CA,Full,0.0,129796.71428571429
123554,2014,Saint Mary's College of California,Moraga,CA,Full,0.0,108109.68055555556
134079,2014,Florida Southern College,Lakeland,FL,Assistant,0.0,60013.70909090909
136950,2014,Rollins College,Winter Park,FL,Assistant,0.0,61810.61666666667
146481,2014,Lake Forest College,Lake Forest,IL,Assistant,0.0,58468.71428571428
150163,2014,Butler University,Indianapolis,IN,Assistant,0.0,64685.895348837206
152390,2014,Saint Mary's College,Notre Dame,IN,Assistant,0.0,54019.142857142855
163046,2014,Loyola University Maryland,Baltimore,MD,Assistant,0.0,77184.95283018867
164562,2014,Assumption College,Worcester,MA,Assistant,0.0,62621.53703703704
165699,2014,Endicott College,Beverly,MA,Assistant,0.0,64416.41176470588
167996,2014,Stonehill College,Easton,MA,Assistant,0.0,64819.91836734694
183239,2014,Saint Anselm College,Manchester,NH,Assistant,0.0,59322.0
184348,2014,Drew University,Madison,NJ,Assistant,0.0,60712.05714285714
191968,2014,Ithaca College,Ithaca,NY,Assistant,0.0,66040.12631578947
193584,2014,Nazareth College,Rochester,NY,Assistant,0.0,62336.813559322036
195216,2014,St Lawrence University,Canton,NY,Assistant,0.0,62719.166666666664
134079,2014,Florida Southern College,Lakeland,FL,Associate,0.0,67256.19047619047
136950,2014,Rollins College,Winter Park,FL,Associate,0.0,76457.41379310345
146481,2014,Lake Forest College,Lake Forest,IL,Associate,0.0,73164.59375
150163,2014,Butler University,Indianapolis,IN,Associate,0.0,82496.37254901961
152390,2014,Saint Mary's College,Notre Dame,IN,Associate,0.0,64247.63157894737
163046,2014,Loyola University Maryland,Baltimore,MD,Associate,0.0,84722.93814432989
164562,2014,Assumption College,Worcester,MA,Associate,0.0,78090.6
165699,2014,Endicott College,Beverly,MA,Associate,0.0,78488.20689655172
167996,2014,Stonehill College,Easton,MA,Associate,0.0,77479.71428571429
183239,2014,Saint Anselm College,Manchester,NH,Associate,0.0,74710.95918367348
184348,2014,Drew University,Madison,NJ,Associate,0.0,74073.91666666667
191968,2014,Ithaca College,Ithaca,NY,Associate,0.0,79447.48333333334
193584,2014,Nazareth College,Rochester,NY,Associate,0.0,70230.92
195216,2014,St Lawrence University,Canton,NY,Associate,0.0,82760.33333333333
134079,2014,Florida Southern College,Lakeland,FL,Full,0.0,82367.42307692308
136950,2014,Rollins College,Winter Park,FL,Full,0.0,97465.84722222222
146481,2014,Lake Forest College,Lake Forest,IL,Full,0.0,94915.31034482758
150163,2014,Butler University,Indianapolis,IN,Full,0.0,95957.85057471265
152390,2014,Saint Mary's College,Notre Dame,IN,Full,0.0,81684.6052631579
163046,2014,Loyola University Maryland,Baltimore,MD,Full,0.0,123334.53571428571
164562,2014,Assumption College,Worcester,MA,Full,0.0,94524.625
165699,2014,Endicott College,Beverly,MA,Full,0.0,89180.57142857143
167996,2014,Stonehill College,Easton,MA,Full,0.0,107501.19512195123
183239,2014,Saint Anselm College,Manchester,NH,Full,0.0,92510.30612244898
184348,2014,Drew University,Madison,NJ,Full,0.0,95251.91379310345
191968,2014,Ithaca College,Ithaca,NY,Full,0.0,100692.89320388349
193584,2014,Nazareth College,Rochester,NY,Full,0.0,85264.09090909091
195216,2014,St Lawrence University,Canton,NY,Full,0.0,104628.0487804878
195474,2014,Siena College,Loudonville,NY,Assistant,0.0,67444.75609756098
203368,2014,John Carroll University,University Heights,OH,Assistant,0.0,65513.94117647059
209056,2014,Lewis & Clark College,Portland,OR,Assistant,0.0,64242.816326530614
209825,2014,University of Portland,Portland,OR,Assistant,0.0,67007.8085106383
212197,2014,Elizabethtown College,Elizabethtown,PA,Assistant,0.0,61486.375
213251,2014,Juniata College,Huntingdon,PA,Assistant,0.0,61147.769230769234
213507,2014,Lebanon Valley College,Annville,PA,Assistant,0.0,64064.857142857145
214157,2014,Moravian College,Bethlehem,PA,Assistant,0.0,60500.82608695652
214175,2014,Muhlenberg College,Allentown,PA,Assistant,0.0,61487.42105263158
215770,2014,Saint Joseph's University,Philadelphia,PA,Assistant,0.0,81136.9010989011
215929,2014,University of Scranton,Scranton,PA,Assistant,0.0,75306.62903225806
216278,2014,Susquehanna University,Selinsgrove,PA,Assistant,0.0,67163.89655172414
217536,2014,Salve Regina University,Newport,RI,Assistant,0.0,62508.62962962963
218070,2014,Furman University,Greenville,SC,Assistant,0.0,65495.557692307695
221351,2014,Rhodes College,Memphis,TN,Assistant,0.0,59512.68831168831
221519,2014,Sewanee-The University of the South,Sewanee,TN,Assistant,0.0,61484.04761904762
224323,2014,University of Dallas,Irving,TX,Assistant,0.0,61867.083333333336
236230,2014,Pacific Lutheran University,Tacoma,WA,Assistant,0.0,59696.28571428572
237066,2014,Whitworth University,Spokane,WA,Assistant,0.0,59318.604651162794
239716,2014,Saint Norbert College,De Pere,WI,Assistant,0.0,53342.57575757576
195474,2014,Siena College,Loudonville,NY,Associate,0.0,82632.5
203368,2014,John Carroll University,University Heights,OH,Associate,0.0,69152.45454545454
209056,2014,Lewis & Clark College,Portland,OR,Associate,0.0,84891.58823529411
209825,2014,University of Portland,Portland,OR,Associate,0.0,75865.25842696629
212197,2014,Elizabethtown College,Elizabethtown,PA,Associate,0.0,75778.82456140351
213251,2014,Juniata College,Huntingdon,PA,Associate,0.0,60335.53571428572
213507,2014,Lebanon Valley College,Annville,PA,Associate,0.0,70061.26829268293
214157,2014,Moravian College,Bethlehem,PA,Associate,0.0,64470.244897959186
214175,2014,Muhlenberg College,Allentown,PA,Associate,0.0,75965.57142857143
215770,2014,Saint Joseph's University,Philadelphia,PA,Associate,0.0,93020.33333333333
215929,2014,University of Scranton,Scranton,PA,Associate,0.0,87207.37777777777
216278,2014,Susquehanna University,Selinsgrove,PA,Associate,0.0,70592.1038961039
217536,2014,Salve Regina University,Newport,RI,Associate,0.0,111139.82857142857
218070,2014,Furman University,Greenville,SC,Associate,0.0,70386.3492063492
221351,2014,Rhodes College,Memphis,TN,Associate,0.0,77455.30158730158
221519,2014,Sewanee-The University of the South,Sewanee,TN,Associate,0.0,75725.76470588235
224323,2014,University of Dallas,Irving,TX,Associate,0.0,70205.50980392157
236230,2014,Pacific Lutheran University,Tacoma,WA,Associate,0.0,68884.32098765433
237066,2014,Whitworth University,Spokane,WA,Associate,0.0,69628.54761904762
239716,2014,Saint Norbert College,De Pere,WI,Associate,0.0,71105.96428571429
195474,2014,Siena College,Loudonville,NY,Full,0.0,101004.02777777778
203368,2014,John Carroll University,University Heights,OH,Full,0.0,91490.171875
209056,2014,Lewis & Clark College,Portland,OR,Full,0.0,118631.33333333333
209825,2014,University of Portland,Portland,OR,Full,0.0,87301.04761904762
212197,2014,Elizabethtown College,Elizabethtown,PA,Full,0.0,91397.31428571428
213251,2014,Juniata College,Huntingdon,PA,Full,0.0,84147.38461538461
213507,2014,Lebanon Valley College,Annville,PA,Full,0.0,83239.4857142857
214157,2014,Moravian College,Bethlehem,PA,Full,0.0,80866.11538461539
214175,2014,Muhlenberg College,Allentown,PA,Full,0.0,100353.12727272727
215770,2014,Saint Joseph's University,Philadelphia,PA,Full,0.0,115302.28787878787
215929,2014,University of Scranton,Scranton,PA,Full,0.0,108115.52173913043
216278,2014,Susquehanna University,Selinsgrove,PA,Full,0.0,92569.76190476191
217536,2014,Salve Regina University,Newport,RI,Full,0.0,94591.3870967742
218070,2014,Furman University,Greenville,SC,Full,0.0,95211.92173913044
221351,2014,Rhodes College,Memphis,TN,Full,0.0,103161.83333333333
221519,2014,Sewanee-The University of the South,Sewanee,TN,Full,0.0,102288.77464788733
224323,2014,University of Dallas,Irving,TX,Full,0.0,87294.04347826086
236230,2014,Pacific Lutheran University,Tacoma,WA,Full,0.0,84648.18867924529
237066,2014,Whitworth University,Spokane,WA,Full,0.0,81299.30952380953
239716,2014,Saint Norbert College,De Pere,WI,Full,0.0,89743.40909090909
110413,2013,California Lutheran University,Thousand Oaks,CA,Assistant,0.0,75277.0
123554,2013,Saint Mary's College of California,Moraga,CA,Assistant,0.0,61820.26666666667
134079,2013,Florida Southern College,Lakeland,FL,Assistant,0.0,57503.1914893617
136950,2013,Rollins College,Winter Park,FL,Assistant,0.0,59204.87037037037
110413,2013,California Lutheran University,Thousand Oaks,CA,Associate,0.0,89472.05882352941
123554,2013,Saint Mary's College of California,Moraga,CA,Associate,0.0,80004.68292682926
134079,2013,Florida Southern College,Lakeland,FL,Associate,0.0,66444.13636363637
136950,2013,Rollins College,Winter Park,FL,Associate,0.0,76381.26
110413,2013,California Lutheran University,Thousand Oaks,CA,Full,0.0,112796.29629629629
123554,2013,Saint Mary's College of California,Moraga,CA,Full,0.0,98930.6447368421
134079,2013,Florida Southern College,Lakeland,FL,Full,0.0,79664.3
136950,2013,Rollins College,Winter Park,FL,Full,0.0,99746.91025641025
146481,2013,Lake Forest College,Lake Forest,IL,Assistant,0.0,58035.48387096774
150163,2013,Butler University,Indianapolis,IN,Assistant,0.0,72790.43157894736
152390,2013,Saint Mary's College,Notre Dame,IN,Assistant,0.0,54913.02272727273
163046,2013,Loyola University Maryland,Baltimore,MD,Assistant,0.0,76509.02105263158
164562,2013,Assumption College,Worcester,MA,Assistant,0.0,59991.661016949154
165699,2013,Endicott College,Beverly,MA,Assistant,0.0,67372.525
167996,2013,Stonehill College,Easton,MA,Assistant,0.0,65322.37254901961
183239,2013,Saint Anselm College,Manchester,NH,Assistant,0.0,60532.71875
184348,2013,Drew University,Madison,NJ,Assistant,0.0,58620.51282051282
191968,2013,Ithaca College,Ithaca,NY,Assistant,0.0,63971.8835978836
193584,2013,Nazareth College,Rochester,NY,Assistant,0.0,60023.703125
195216,2013,St Lawrence University,Canton,NY,Assistant,0.0,61918.583333333336
195474,2013,Siena College,Loudonville,NY,Assistant,0.0,67854.61538461539
203368,2013,John Carroll University,University Heights,OH,Assistant,0.0,65198.491228070176
146481,2013,Lake Forest College,Lake Forest,IL,Associate,0.0,71897.05882352941
150163,2013,Butler University,Indianapolis,IN,Associate,0.0,82156.99
152390,2013,Saint Mary's College,Notre Dame,IN,Associate,0.0,62067.05
163046,2013,Loyola University Maryland,Baltimore,MD,Associate,0.0,88628.35789473684
164562,2013,Assumption College,Worcester,MA,Associate,0.0,75047.98333333334
165699,2013,Endicott College,Beverly,MA,Associate,0.0,73277.82142857143
167996,2013,Stonehill College,Easton,MA,Associate,0.0,76869.77777777778
183239,2013,Saint Anselm College,Manchester,NH,Associate,0.0,71558.12244897959
184348,2013,Drew University,Madison,NJ,Associate,0.0,72645.72222222222
191968,2013,Ithaca College,Ithaca,NY,Associate,0.0,78720.31428571428
193584,2013,Nazareth College,Rochester,NY,Associate,0.0,69250.55555555556
195216,2013,St Lawrence University,Canton,NY,Associate,0.0,80685.0
195474,2013,Siena College,Loudonville,NY,Associate,0.0,82213.51851851853
203368,2013,John Carroll University,University Heights,OH,Associate,0.0,67615.75757575757
146481,2013,Lake Forest College,Lake Forest,IL,Full,0.0,94595.0
150163,2013,Butler University,Indianapolis,IN,Full,0.0,92159.59090909091
152390,2013,Saint Mary's College,Notre Dame,IN,Full,0.0,80708.73684210527
163046,2013,Loyola University Maryland,Baltimore,MD,Full,0.0,121716.40506329114
164562,2013,Assumption College,Worcester,MA,Full,0.0,91274.0
165699,2013,Endicott College,Beverly,MA,Full,0.0,90620.07692307692
167996,2013,Stonehill College,Easton,MA,Full,0.0,107832.09756097561
183239,2013,Saint Anselm College,Manchester,NH,Full,0.0,90318.8125
184348,2013,Drew University,Madison,NJ,Full,0.0,95517.11111111111
191968,2013,Ithaca College,Ithaca,NY,Full,0.0,99348.32075471699
193584,2013,Nazareth College,Rochester,NY,Full,0.0,84094.26086956522
195216,2013,St Lawrence University,Canton,NY,Full,0.0,102912.5
195474,2013,Siena College,Loudonville,NY,Full,0.0,101428.26666666666
203368,2013,John Carroll University,University Heights,OH,Full,0.0,86900.48333333334
209056,2013,Lewis & Clark College,Portland,OR,Assistant,0.0,63993.45
209825,2013,University of Portland,Portland,OR,Assistant,0.0,63724.88372093023
212197,2013,Elizabethtown College,Elizabethtown,PA,Assistant,0.0,61515.06896551724
213251,2013,Juniata College,Huntingdon,PA,Assistant,0.0,57294.230769230766
213507,2013,Lebanon Valley College,Annville,PA,Assistant,0.0,62722.05882352941
214157,2013,Moravian College,Bethlehem,PA,Assistant,0.0,59653.56
214175,2013,Muhlenberg College,Allentown,PA,Assistant,0.0,61748.48648648649
215770,2013,Saint Joseph's University,Philadelphia,PA,Assistant,0.0,77883.80434782608
215929,2013,University of Scranton,Scranton,PA,Assistant,0.0,69778.62857142858
216278,2013,Susquehanna University,Selinsgrove,PA,Assistant,0.0,62344.282051282054
217536,2013,Salve Regina University,Newport,RI,Assistant,0.0,62870.82142857143
218070,2013,Furman University,Greenville,SC,Assistant,0.0,64183.0
221351,2013,Rhodes College,Memphis,TN,Assistant,0.0,60064.07042253521
221519,2013,Sewanee-The University of the South,Sewanee,TN,Assistant,0.0,56341.65957446808
224323,2013,University of Dallas,Irving,TX,Assistant,0.0,61248.166666666664
236230,2013,Pacific Lutheran University,Tacoma,WA,Assistant,0.0,59933.15853658537
237066,2013,Whitworth University,Spokane,WA,Assistant,0.0,58614.86666666667
239716,2013,Saint Norbert College,De Pere,WI,Assistant,0.0,52956.770491803276
209056,2013,Lewis & Clark College,Portland,OR,Associate,0.0,80017.89743589744
209825,2013,University of Portland,Portland,OR,Associate,0.0,74280.98876404495
212197,2013,Elizabethtown College,Elizabethtown,PA,Associate,0.0,74609.9649122807
213251,2013,Juniata College,Huntingdon,PA,Associate,0.0,62150.71428571428
213507,2013,Lebanon Valley College,Annville,PA,Associate,0.0,71114.475
214157,2013,Moravian College,Bethlehem,PA,Associate,0.0,65814.0
214175,2013,Muhlenberg College,Allentown,PA,Associate,0.0,75297.82692307692
215770,2013,Saint Joseph's University,Philadelphia,PA,Associate,0.0,91336.94117647059
215929,2013,University of Scranton,Scranton,PA,Associate,0.0,85730.20238095238
216278,2013,Susquehanna University,Selinsgrove,PA,Associate,0.0,73374.8961038961
217536,2013,Salve Regina University,Newport,RI,Associate,0.0,73404.5294117647
218070,2013,Furman University,Greenville,SC,Associate,0.0,70297.98387096774
221351,2013,Rhodes College,Memphis,TN,Associate,0.0,76870.20634920635
221519,2013,Sewanee-The University of the South,Sewanee,TN,Associate,0.0,71625.75757575757
224323,2013,University of Dallas,Irving,TX,Associate,0.0,67771.84444444445
236230,2013,Pacific Lutheran University,Tacoma,WA,Associate,0.0,66992.25
237066,2013,Whitworth University,Spokane,WA,Associate,0.0,69575.25
239716,2013,Saint Norbert College,De Pere,WI,Associate,0.0,69544.46875
209056,2013,Lewis & Clark College,Portland,OR,Full,0.0,119598.58208955223
209825,2013,University of Portland,Portland,OR,Full,0.0,87268.27906976744
212197,2013,Elizabethtown College,Elizabethtown,PA,Full,0.0,90612.0625
213251,2013,Juniata College,Huntingdon,PA,Full,0.0,83128.47916666667
213507,2013,Lebanon Valley College,Annville,PA,Full,0.0,84112.59375
214157,2013,Moravian College,Bethlehem,PA,Full,0.0,83624.03703703704
214175,2013,Muhlenberg College,Allentown,PA,Full,0.0,98368.89090909091
215770,2013,Saint Joseph's University,Philadelphia,PA,Full,0.0,112692.71014492754
215929,2013,University of Scranton,Scranton,PA,Full,0.0,104934.08602150538
216278,2013,Susquehanna University,Selinsgrove,PA,Full,0.0,90941.52631578948
217536,2013,Salve Regina University,Newport,RI,Full,0.0,96510.6129032258
218070,2013,Furman University,Greenville,SC,Full,0.0,95793.9224137931
221351,2013,Rhodes College,Memphis,TN,Full,0.0,101331.44444444444
221519,2013,Sewanee-The University of the South,Sewanee,TN,Full,0.0,95102.56923076924
224323,2013,University of Dallas,Irving,TX,Full,0.0,80322.17391304347
236230,2013,Pacific Lutheran University,Tacoma,WA,Full,0.0,82961.47272727273
237066,2013,Whitworth University,Spokane,WA,Full,0.0,83549.3488372093
239716,2013,Saint Norbert College,De Pere,WI,Full,0.0,81014.74074074074
110413,2012,California Lutheran University,Thousand Oaks,CA,Assistant,0.0,72409.5
123554,2012,Saint Marys College of California,Moraga,CA,Assistant,0.0,70766.0
134079,2012,Florida Southern College,Lakeland,FL,Assistant,0.0,57206.73684210526
136950,2012,Rollins College,Winter Park,FL,Assistant,0.0,60496.45283018868
146481,2012,Lake Forest College,Lake Forest,IL,Assistant,0.0,58560.606060606064
150163,2012,Butler University,Indianapolis,IN,Assistant,0.0,73234.92783505155
152390,2012,Saint Mary's College,Notre Dame,IN,Assistant,0.0,53090.4693877551
110413,2012,California Lutheran University,Thousand Oaks,CA,Associate,0.0,85166.28947368421
123554,2012,Saint Marys College of California,Moraga,CA,Associate,0.0,83275.31168831169
134079,2012,Florida Southern College,Lakeland,FL,Associate,0.0,61550.16
136950,2012,Rollins College,Winter Park,FL,Associate,0.0,75600.02
146481,2012,Lake Forest College,Lake Forest,IL,Associate,0.0,70912.73529411765
150163,2012,Butler University,Indianapolis,IN,Associate,0.0,78182.17647058824
152390,2012,Saint Mary's College,Notre Dame,IN,Associate,0.0,53990.23529411765
110413,2012,California Lutheran University,Thousand Oaks,CA,Full,0.0,104442.72
123554,2012,Saint Marys College of California,Moraga,CA,Full,0.0,103696.24691358025
134079,2012,Florida Southern College,Lakeland,FL,Full,0.0,75383.46875
136950,2012,Rollins College,Winter Park,FL,Full,0.0,101922.82716049382
146481,2012,Lake Forest College,Lake Forest,IL,Full,0.0,91665.1724137931
150163,2012,Butler University,Indianapolis,IN,Full,0.0,90446.62352941177
152390,2012,Saint Mary's College,Notre Dame,IN,Full,0.0,65401.10526315789
163046,2012,Loyola University Maryland,Baltimore,MD,Assistant,0.0,76093.84158415842
164562,2012,Assumption College,Worcester,MA,Assistant,0.0,58130.683333333334
165699,2012,Endicott College,Beverly,MA,Assistant,0.0,67154.30434782608
167996,2012,Stonehill College,Easton,MA,Assistant,0.0,63710.0
183239,2012,Saint Anselm College,Manchester,NH,Assistant,0.0,57312.724137931036
184348,2012,Drew University,Madison,NJ,Assistant,0.0,60746.0
191968,2012,Ithaca College,Ithaca,NY,Assistant,0.0,61601.065326633165
193584,2012,Nazareth College,Rochester,NY,Assistant,0.0,57977.901639344265
195216,2012,St Lawrence University,Canton,NY,Assistant,0.0,60637.5
195474,2012,Siena College,Loudonville,NY,Assistant,0.0,65903.05555555556
203368,2012,John Carroll University,University Heights,OH,Assistant,0.0,62221.653846153844
209056,2012,Lewis & Clark College,Portland,OR,Assistant,0.0,62357.46666666667
209825,2012,University of Portland,Portland,OR,Assistant,0.0,62596.11111111111
212197,2012,Elizabethtown College,Elizabethtown,PA,Assistant,0.0,61231.6129032258
213251,2012,Juniata College,Huntingdon,PA,Assistant,0.0,55068.846153846156
213507,2012,Lebanon Valley College,Annville,PA,Assistant,0.0,57437.0
214157,2012,Moravian College and Moravian Theological Seminary,Bethlehem,PA,Assistant,0.0,57524.5
214175,2012,Muhlenberg College,Allentown,PA,Assistant,0.0,60218.32432432433
215770,2012,Saint Joseph's University,Philadelphia,PA,Assistant,0.0,77574.60674157304
215929,2012,University of Scranton,Scranton,PA,Assistant,0.0,68880.3
216278,2012,Susquehanna University,Selinsgrove,PA,Assistant,0.0,62170.555555555555
163046,2012,Loyola University Maryland,Baltimore,MD,Associate,0.0,84740.47777777778
164562,2012,Assumption College,Worcester,MA,Associate,0.0,71062.54545454546
165699,2012,Endicott College,Beverly,MA,Associate,0.0,74567.75
167996,2012,Stonehill College,Easton,MA,Associate,0.0,75877.13461538461
183239,2012,Saint Anselm College,Manchester,NH,Associate,0.0,70998.76785714286
184348,2012,Drew University,Madison,NJ,Associate,0.0,75848.60714285714
191968,2012,Ithaca College,Ithaca,NY,Associate,0.0,77069.59411764707
193584,2012,Nazareth College,Rochester,NY,Associate,0.0,69541.12244897959
195216,2012,St Lawrence University,Canton,NY,Associate,0.0,79033.54430379746
195474,2012,Siena College,Loudonville,NY,Associate,0.0,79942.2641509434
203368,2012,John Carroll University,University Heights,OH,Associate,0.0,66920.23880597015
209056,2012,Lewis & Clark College,Portland,OR,Associate,0.0,80425.43209876544
209825,2012,University of Portland,Portland,OR,Associate,0.0,70679.94318181818
212197,2012,Elizabethtown College,Elizabethtown,PA,Associate,0.0,72964.38181818182
213251,2012,Juniata College,Huntingdon,PA,Associate,0.0,61361.96666666667
213507,2012,Lebanon Valley College,Annville,PA,Associate,0.0,66965.72727272728
214157,2012,Moravian College and Moravian Theological Seminary,Bethlehem,PA,Associate,0.0,62423.26
214175,2012,Muhlenberg College,Allentown,PA,Associate,0.0,75983.78846153847
215770,2012,Saint Joseph's University,Philadelphia,PA,Associate,0.0,90832.55319148937
215929,2012,University of Scranton,Scranton,PA,Associate,0.0,84129.14102564103
216278,2012,Susquehanna University,Selinsgrove,PA,Associate,0.0,73327.40579710146
163046,2012,Loyola University Maryland,Baltimore,MD,Full,0.0,118204.46913580247
164562,2012,Assumption College,Worcester,MA,Full,0.0,89404.26086956522
165699,2012,Endicott College,Beverly,MA,Full,0.0,87414.20833333333
167996,2012,Stonehill College,Easton,MA,Full,0.0,106566.87804878049
183239,2012,Saint Anselm College,Manchester,NH,Full,0.0,89773.16666666667
184348,2012,Drew University,Madison,NJ,Full,0.0,99909.4918032787
191968,2012,Ithaca College,Ithaca,NY,Full,0.0,98901.46464646465
193584,2012,Nazareth College,Rochester,NY,Full,0.0,84217.01492537314
195216,2012,St Lawrence University,Canton,NY,Full,0.0,100078.75
195474,2012,Siena College,Loudonville,NY,Full,0.0,98314.21052631579
203368,2012,John Carroll University,University Heights,OH,Full,0.0,88253.640625
209056,2012,Lewis & Clark College,Portland,OR,Full,0.0,111973.59722222222
209825,2012,University of Portland,Portland,OR,Full,0.0,88843.25581395348
212197,2012,Elizabethtown College,Elizabethtown,PA,Full,0.0,88515.26666666666
213251,2012,Juniata College,Huntingdon,PA,Full,0.0,84552.58695652174
213507,2012,Lebanon Valley College,Annville,PA,Full,0.0,82300.03125
214157,2012,Moravian College and Moravian Theological Seminary,Bethlehem,PA,Full,0.0,85650.70967741935
214175,2012,Muhlenberg College,Allentown,PA,Full,0.0,97424.69642857143
215770,2012,Saint Joseph's University,Philadelphia,PA,Full,0.0,114750.3880597015
215929,2012,University of Scranton,Scranton,PA,Full,0.0,101511.72043010753
216278,2012,Susquehanna University,Selinsgrove,PA,Full,0.0,88853.9
217536,2012,Salve Regina University,Newport,RI,Assistant,0.0,62672.16
218070,2012,Furman University,Greenville,SC,Assistant,0.0,62925.55072463768
221351,2012,Rhodes College,Memphis,TN,Assistant,0.0,57300.52702702703
221519,2012,Sewanee-The University of the South,Sewanee,TN,Assistant,0.0,56550.57142857143
224323,2012,University of Dallas,Irving,TX,Assistant,0.0,61436.75
236230,2012,Pacific Lutheran University,Tacoma,WA,Assistant,0.0,59921.3717948718
237066,2012,Whitworth University,Spokane,WA,Assistant,0.0,53657.357142857145
239716,2012,Saint Norbert College,De Pere,WI,Assistant,0.0,51077.298507462685
217536,2012,Salve Regina University,Newport,RI,Associate,0.0,74028.91176470589
218070,2012,Furman University,Greenville,SC,Associate,0.0,69549.09090909091
221351,2012,Rhodes College,Memphis,TN,Associate,0.0,76455.3
221519,2012,Sewanee-The University of the South,Sewanee,TN,Associate,0.0,73722.62962962964
224323,2012,University of Dallas,Irving,TX,Associate,0.0,63466.976744186046
236230,2012,Pacific Lutheran University,Tacoma,WA,Associate,0.0,65878.04109589041
237066,2012,Whitworth University,Spokane,WA,Associate,0.0,66435.75609756098
239716,2012,Saint Norbert College,De Pere,WI,Associate,0.0,69760.27586206897
217536,2012,Salve Regina University,Newport,RI,Full,0.0,92879.5625
218070,2012,Furman University,Greenville,SC,Full,0.0,95298.15966386555
221351,2012,Rhodes College,Memphis,TN,Full,0.0,97830.03846153847
221519,2012,Sewanee-The University of the South,Sewanee,TN,Full,0.0,94527.69117647059
224323,2012,University of Dallas,Irving,TX,Full,0.0,76560.08333333333
236230,2012,Pacific Lutheran University,Tacoma,WA,Full,0.0,82846.94444444444
237066,2012,Whitworth University,Spokane,WA,Full,0.0,82885.225
239716,2012,Saint Norbert College,De Pere,WI,Full,0.0,80576.88888888889
